Date,FNSKU,ASIN,Title,Event Type,Reference ID,Quantity,Fulfillment Center,Disposition,Reason,Country,Reconciled Quantity,Unreconciled Quantity,Date and Time,msku
02/01/2025,X002816EM5,B0DTK31PPH,Fusked Flufies Breathing Koala Soft Toys for Baby Girl and Boy - 25 cm Sensory Toys and Musical Toys for Kids - Sleeping Teddy Bear with Breathing - Baby Gifts Cuddle Pillow (Breathing Dog),Shipments,,-1,TLCQ,SELLABLE,,IN,,,2025-02-01T00:00:00+0530,UNKNOWN
02/01/2025,X0027Z4S1L,B0DK52Z4FT,Fusked Flufies Breathing Teddy Soft Toys for Baby Girl and Boy - 25 cm Sensory Toys and Musical Toys for Kids - Sleeping Teddy Bear with Breathing - Baby Gifts Cuddle Pillow (Breathing Stitch Blue),Shipments,,-1,TLCQ,SELLABLE,,IN,,,2025-02-01T00:00:00+0530,UNKNOWN
02/01/2025,X0027Z05S1,B0DT6QDVKN,"Caaju Foldable Steel Storage Cubes Organizer with Handles Frame Collapsible Clothes Organizer Storage Box for Wardrobe,Toys,Books and Blankets Storage Box with Handles (Off-White, Pack of 2)",Shipments,,-1,TLCQ,SELLABLE,,IN,,,2025-02-01T00:00:00+0530,UNKNOWN
02/01/2025,X0027Z05QX,B0DT6QDDPX,"Caaju Foldable Steel Storage Cubes Organizer with Handles Frame Collapsible Clothes Organizer Storage Box for Wardrobe,Toys,Books and Blankets Storage Box with Handles (Off-White, Pack of 4)",Shipments,,-1,TLCQ,SELLABLE,,IN,,,2025-02-01T00:00:00+0530,UNKNOWN
02/01/2025,X0027SINDR,B0DSPWLCVP,FUSKED Flufies Sand Filled Rubber Squishy Toy for Kids - Soft Ball for Kids and Stress Relief Toys Adults - Squeeze Ball Toys for Kids - Cat Kawaii Stuff Miniature Toys,Shipments,,-1,TLCQ,SELLABLE,,IN,,,2025-02-01T00:00:00+0530,UNKNOWN
02/01/2025,X0027QARD3,B0DSJMBF52,Fusked Flufies Breathing Fox Soft Toys for Baby Girl and Boy - 25 cmSensory Toys and Musical Toys for Kids - Sleeping Teddy Bear with Breathing - Baby Gifts Newborn - Baby Toy Cuddle Pillow,Shipments,,-1,TLCQ,SELLABLE,,IN,,,2025-02-01T00:00:00+0530,UNKNOWN
02/01/2025,X0027KYKHN,B0DS18DP6Q,FUSKED Flufies Squishy Toy for Kids - Soft Ball for Kids and Stress Relief Toys Adults - Squeeze Ball Toys for Kids - Cat Kawaii Stuff Miniature Toys for Birthday,Shipments,,-1,TLCQ,SELLABLE,,IN,,,2025-02-01T00:00:00+0530,UNKNOWN
02/01/2025,X0027KWARF,B0DS19KB8K,FUSKED Flufies Squishy Toy for Kids - Soft Ball for Kids and Stress Relief Toys Adults - Squeeze Ball Toys for Kids - Cat Kawaii Stuff Miniature Toys for Birthday,Shipments,,-1,TLCQ,SELLABLE,,IN,,,2025-02-01T00:00:00+0530,UNKNOWN
02/01/2025,X0027KWARF,B0DS19KB8K,FUSKED Flufies Squishy Toy for Kids - Soft Ball for Kids and Stress Relief Toys Adults - Squeeze Ball Toys for Kids - Cat Kawaii Stuff Miniature Toys for Birthday,Shipments,,-1,TLCQ,SELLABLE,,IN,,,2025-02-01T00:00:00+0530,UNKNOWN
02/01/2025,X0027KW4W1,B0DS18WRKZ,FUSKED Flufies Squishy Toy for Kids - Soft Ball for Kids and Stress Relief Toys Adults - Squeeze Ball Toys for Kids - Cat Kawaii Stuff Miniature Toys for Birthday,Shipments,,-1,TLCQ,SELLABLE,,IN,,,2025-02-01T00:00:00+0530,UNKNOWN
02/01/2025,X0027DGAZZ,B0DRPJ1RSV,Xexy Stylish Full Rim Sunglasses for Women Fashion - Aesthetic Unisex Sunglasses with Non Polarized Glasses for Men and Women - Trendy Shades for Women with UV Protection,Shipments,,-1,TLCQ,SELLABLE,,IN,,,2025-02-01T00:00:00+0530,UNKNOWN
02/01/2025,X00279NLG5,B0DR6167SQ,Fusked Flufies Breathing Otter Soft Toys for Baby Girl and Boy - 25cm Sensory Toys and Musical Toys for Kids - Sleeping Teddy Bear with Breathing - Baby Gifts Newborn - Baby Toy Cuddle Pillow,Shipments,,-1,TLCQ,SELLABLE,,IN,,,2025-02-01T00:00:00+0530,UNKNOWN
02/01/2025,X00279NLG5,B0DR6167SQ,Fusked Flufies Breathing Otter Soft Toys for Baby Girl and Boy - 25cm Sensory Toys and Musical Toys for Kids - Sleeping Teddy Bear with Breathing - Baby Gifts Newborn - Baby Toy Cuddle Pillow,Shipments,,-1,TLCQ,SELLABLE,,IN,,,2025-02-01T00:00:00+0530,UNKNOWN
02/01/2025,X002739P9X,B0DQH6GLD2,Fusked Flufies Breathing Teddy Soft Toys for Baby Girl and Boy - 25 cm Sensory Toys and Musical Toys for Kids - Sleeping Teddy Bear with Breathing - Baby Gifts Cuddle Pillow (White),Shipments,,-1,TLCQ,SELLABLE,,IN,,,2025-02-01T00:00:00+0530,UNKNOWN
02/01/2025,X0026FX4Q7,B0DNKC3PQ4,Fusked Flufies Minecraft Sword and Pickaxe for Room Decor and Halloween Decor - Foam Minecraft Pickaxe for Kids and Collectors - Diamond Netherite Toy for Birthday and Role Play (Pickaxe and Sword),Shipments,,-1,TLCQ,SELLABLE,,IN,,,2025-02-01T00:00:00+0530,UNKNOWN
02/01/2025,X0026FX4Q7,B0DNKC3PQ4,Fusked Flufies Minecraft Sword and Pickaxe for Room Decor and Halloween Decor - Foam Minecraft Pickaxe for Kids and Collectors - Diamond Netherite Toy for Birthday and Role Play (Pickaxe and Sword),Shipments,,-1,TLCQ,SELLABLE,,IN,,,2025-02-01T00:00:00+0530,UNKNOWN
02/01/2025,X0026EX1AH,B0DNG1FQ67,Fusked Flufies Blox Fruits Plush Soft Toy for Kids and Collectors - Video Game Soft Pillow for Cute Home Decor and Gift - Washable and Safe Material Stuffed Toy,Shipments,,-1,TLCQ,SELLABLE,,IN,,,2025-02-01T00:00:00+0530,UNKNOWN
02/01/2025,X0026EWNTH,B0DNFY2WW3,Fusked Flufies Blox Fruits Plush Soft Toy for Kids and Collectors - Video Game Soft Pillow for Cute Home Decor and Gift - Washable and Safe Material Stuffed Toy,Shipments,,-1,TLCQ,SELLABLE,,IN,,,2025-02-01T00:00:00+0530,UNKNOWN
02/01/2025,X0026CNFAP,B0CLLTYSMY,"Fusked Hermoine Light Wand Toy For Kids Gift With Sunglass Harrypotter Accesssories Cosplay Combo Magic Wand Stick(Limited Edition 2024),Multicolor",Shipments,,-1,BOM7,SELLABLE,,IN,,,2025-02-01T00:00:00+0530,UNKNOWN
02/01/2025,X0025L96YB,B0DK52Z4FT,Fusked Flufies Breathing Teddy Soft Toys for Baby Girl and Boy - 25 cm Sensory Toys and Musical Toys for Kids - Sleeping Teddy Bear with Breathing - Baby Gifts Cuddle Pillow (Breathing Stitch Blue),Shipments,,-1,TLCQ,SELLABLE,,IN,,,2025-02-01T00:00:00+0530,UNKNOWN
02/01/2025,X0025L96YB,B0DK52Z4FT,Fusked Flufies Breathing Teddy Soft Toys for Baby Girl and Boy - 25 cm Sensory Toys and Musical Toys for Kids - Sleeping Teddy Bear with Breathing - Baby Gifts Cuddle Pillow (Breathing Stitch Blue),Shipments,,-1,TLCQ,SELLABLE,,IN,,,2025-02-01T00:00:00+0530,UNKNOWN
02/01/2025,X0024AAU4D,B0DFTTQ4J6,"Fusked Premium Minecraft Diamond Foam Sword Small Toy for Kids Durable, Ideal for Cosplay, Role Playing, Halloween Costumes, and Room Decor 23 CM",Shipments,,-1,TLCQ,SELLABLE,,IN,,,2025-02-01T00:00:00+0530,UNKNOWN
02/01/2025,X0024AAU4D,B0DFTTQ4J6,"Fusked Premium Minecraft Diamond Foam Sword Small Toy for Kids Durable, Ideal for Cosplay, Role Playing, Halloween Costumes, and Room Decor 23 CM",Shipments,,-1,TLCQ,SELLABLE,,IN,,,2025-02-01T00:00:00+0530,UNKNOWN
02/01/2025,X0024AAU4D,B0DFTTQ4J6,"Fusked Premium Minecraft Diamond Foam Sword Small Toy for Kids Durable, Ideal for Cosplay, Role Playing, Halloween Costumes, and Room Decor 23 CM",Shipments,,-1,TLCQ,SELLABLE,,IN,,,2025-02-01T00:00:00+0530,UNKNOWN
02/01/2025,X0024AAU4D,B0DFTTQ4J6,"Fusked Premium Minecraft Diamond Foam Sword Small Toy for Kids Durable, Ideal for Cosplay, Role Playing, Halloween Costumes, and Room Decor 23 CM",Shipments,,-1,TLCQ,SELLABLE,,IN,,,2025-02-01T00:00:00+0530,UNKNOWN
02/01/2025,X0024AAU4D,B0DFTTQ4J6,"Fusked Premium Minecraft Diamond Foam Sword Small Toy for Kids Durable, Ideal for Cosplay, Role Playing, Halloween Costumes, and Room Decor 23 CM",Shipments,,-1,TLCQ,SELLABLE,,IN,,,2025-02-01T00:00:00+0530,UNKNOWN
02/01/2025,X0024AAU4D,B0DFTTQ4J6,"Fusked Premium Minecraft Diamond Foam Sword Small Toy for Kids Durable, Ideal for Cosplay, Role Playing, Halloween Costumes, and Room Decor 23 CM",Shipments,,-1,TLCQ,SELLABLE,,IN,,,2025-02-01T00:00:00+0530,UNKNOWN
02/01/2025,X0024AAU4D,B0DFTTQ4J6,"Fusked Premium Minecraft Diamond Foam Sword Small Toy for Kids Durable, Ideal for Cosplay, Role Playing, Halloween Costumes, and Room Decor 23 CM",Shipments,,-1,TLCQ,SELLABLE,,IN,,,2025-02-01T00:00:00+0530,UNKNOWN
02/01/2025,X0024A2EYH,B0DFTHX7GZ,"Fusked Premium Minecraft Diamond Foam Sword Small Toy for Kids Durable, Ideal for Cosplay, Role Playing, Halloween Costumes, and Room Decor 45 CM",Shipments,,-1,TLCQ,SELLABLE,,IN,,,2025-02-01T00:00:00+0530,UNKNOWN
02/01/2025,X0024A2EYH,B0DFTHX7GZ,"Fusked Premium Minecraft Diamond Foam Sword Small Toy for Kids Durable, Ideal for Cosplay, Role Playing, Halloween Costumes, and Room Decor 45 CM",Shipments,,-1,TLCQ,SELLABLE,,IN,,,2025-02-01T00:00:00+0530,UNKNOWN
02/01/2025,X0024A2EYH,B0DFTHX7GZ,"Fusked Premium Minecraft Diamond Foam Sword Small Toy for Kids Durable, Ideal for Cosplay, Role Playing, Halloween Costumes, and Room Decor 45 CM",Shipments,,-1,TLCQ,SELLABLE,,IN,,,2025-02-01T00:00:00+0530,UNKNOWN
02/01/2025,X0024A2EYH,B0DFTHX7GZ,"Fusked Premium Minecraft Diamond Foam Sword Small Toy for Kids Durable, Ideal for Cosplay, Role Playing, Halloween Costumes, and Room Decor 45 CM",Shipments,,-1,TLCQ,SELLABLE,,IN,,,2025-02-01T00:00:00+0530,UNKNOWN
02/01/2025,X0024A2EVZ,B0DB9W5XJS,"Fusked Fluffies Hello Kitty Plush Soft Toy for Newborn Baby - Cute Hello Kitty Stuff Toys for Kids (12 Month to 1.5 Year) - Safe, and Washable",Shipments,,-1,TLCQ,SELLABLE,,IN,,,2025-02-01T00:00:00+0530,UNKNOWN
02/01/2025,X00219AWV3,B0D4GZ522X,Fusked Flufies 20 cm Minecraft Steve Plush Toys for Collectors - Kids Room Decor and Halloween Decor for Video Game Fans- Washable for Girls and Boys for Birthday,Shipments,,-1,TLCQ,SELLABLE,,IN,,,2025-02-01T00:00:00+0530,UNKNOWN
02/01/2025,X00219AWUT,B0D4H7LW5C,Fusked Flufies 20 cm Minecraft Ghast Plush Toys for Collectors - Kids Room Decor and Halloween Decor for Video Game Fans- Washable for Girls and Boys for Birthday,Shipments,,-1,TLCQ,SELLABLE,,IN,,,2025-02-01T00:00:00+0530,UNKNOWN
02/01/2025,X00219AWUJ,B0D4HFXYVX,Fusked Flufies 26 cm Minecraft Creeper Plush Toys for Collectors - Kids Room Decor and Halloween Decor for Video Game Fans- Washable for Girls and Boys for Birthday,Shipments,,-1,TLCQ,SELLABLE,,IN,,,2025-02-01T00:00:00+0530,UNKNOWN
02/01/2025,X001W7X2Y9,B0CLLR9X7S,"Fusked Dumbledore Light Wand Toy For Kids Gift With Musicbox Harrypotter Accesssories Cosplay Combo Magic Wand Stick With Musical Box Combo(Limited Edition 2024), Multicolor",Shipments,,-1,BLR8,SELLABLE,,IN,,,2025-02-01T00:00:00+0530,UNKNOWN
02/01/2025,X001W7X2XZ,B0CLLS6HZH,"Fusked Harry Potter Light Wand Toy For Kids Gift Harrypotter Accesssories Cosplay Magic Wands Stick(Limited Edition 2024),Multicolor",Shipments,,-1,TLCQ,SELLABLE,,IN,,,2025-02-01T00:00:00+0530,UNKNOWN
02/01/2025,X001W7Q435,B0CLLSB7GN,Fusked Voldemort Light Wand Toy For Kids Gift Harrypotter Accesssories Cosplay Magic Wand Stick (Limited Edition 2024) - Multicolor,Shipments,,-1,TLCQ,SELLABLE,,IN,,,2025-02-01T00:00:00+0530,UNKNOWN
02/01/2025,X001W7Q435,B0CLLSB7GN,Fusked Voldemort Light Wand Toy For Kids Gift Harrypotter Accesssories Cosplay Magic Wand Stick (Limited Edition 2024) - Multicolor,Shipments,,-1,TLCQ,SELLABLE,,IN,,,2025-02-01T00:00:00+0530,UNKNOWN
02/01/2025,X001W7Q1M9,B0CLLRKYF1,"Fusked Dumbledore Light Wand Toy For Kids Gift Harrypotter Accesssories Cosplay Magic Wand Stick(Limited Edition 2024), Multicolor",Shipments,,-1,TLCQ,SELLABLE,,IN,,,2025-02-01T00:00:00+0530,UNKNOWN
02/01/2025,X001W7Q1M9,B0CLLRKYF1,"Fusked Dumbledore Light Wand Toy For Kids Gift Harrypotter Accesssories Cosplay Magic Wand Stick(Limited Edition 2024), Multicolor",Shipments,,-1,TLCQ,SELLABLE,,IN,,,2025-02-01T00:00:00+0530,UNKNOWN
02/01/2025,X001W7Q1M9,B0CLLRKYF1,"Fusked Dumbledore Light Wand Toy For Kids Gift Harrypotter Accesssories Cosplay Magic Wand Stick(Limited Edition 2024), Multicolor",Shipments,,-2,TLCQ,SELLABLE,,IN,,,2025-02-01T00:00:00+0530,UNKNOWN
02/01/2025,X001W7N0CX,B0CLLS2YQC,"Fusked Harry Potter Light Wand Toy For Kids Gift With Sunglass Harrypotter Accesssories Cosplay Combo Magic Wand Stick(Limited Edition 2024),Multicolor",Shipments,,-1,TLCQ,SELLABLE,,IN,,,2025-02-01T00:00:00+0530,UNKNOWN
02/01/2025,X001W7N0CX,B0CLLS2YQC,"Fusked Harry Potter Light Wand Toy For Kids Gift With Sunglass Harrypotter Accesssories Cosplay Combo Magic Wand Stick(Limited Edition 2024),Multicolor",Shipments,,-1,CCX1,SELLABLE,,IN,,,2025-02-01T00:00:00+0530,UNKNOWN
02/01/2025,X001W7N0CD,B0CLLVH1GM,"Fusked Dumbledore Light Wand Toy For Kids Gift With Sunglass Harrypotter Accesssories Cosplay Combo Magic Wand Stick(Limited Edition 2024), Multicolor",Shipments,,-1,TLCQ,SELLABLE,,IN,,,2025-02-01T00:00:00+0530,UNKNOWN
02/01/2025,X001VWCZYN,B095YHPD6S,"Caaju usic Box, You are My Sunshine Music Box Wooden Classic Music Box with Hand Crank Birthday Gifts for Girls Boys Diwali Gifts for Kids Friends Family",Shipments,,-1,PNQ2,SELLABLE,,IN,,,2025-02-01T00:00:00+0530,UNKNOWN
02/01/2025,X001VW7ODZ,B095YJJ4NQ,Caaju Wooden Harry Potter Music Box Hand Crank Classic Music Box Birthday Gifts for Girls Boys Kids Friends Family Harry Potter i Solemnly Swear That i am Sound Box,Shipments,,-1,TLCQ,SELLABLE,,IN,,,2025-02-01T00:00:00+0530,UNKNOWN
02/01/2025,X001VW7ODZ,B095YJJ4NQ,Caaju Wooden Harry Potter Music Box Hand Crank Classic Music Box Birthday Gifts for Girls Boys Kids Friends Family Harry Potter i Solemnly Swear That i am Sound Box,Shipments,,-1,TLCQ,SELLABLE,,IN,,,2025-02-01T00:00:00+0530,UNKNOWN
02/01/2025,X001VSZUZ3,B0CKK2D6YR,"Fusked Voldemort Wand Magic Wands Harry Potter Accessories Gift Toys Cosplay Dress Accessories Combo For Kids(Limited Edition 2024),Multicolor",Shipments,,-1,TLCQ,SELLABLE,,IN,,,2025-02-01T00:00:00+0530,UNKNOWN
02/01/2025,X001VSXA73,B0CKK1JKCR,"Fusked Hermoine Wand Magic Wands Harry Potter Accessories Gift Toys Cosplay Dress Accessories For Kids(Limited Edition 2024),Multicolor",Shipments,,-1,TLCQ,SELLABLE,,IN,,,2025-02-01T00:00:00+0530,UNKNOWN
02/01/2025,X001VSXA73,B0CKK1JKCR,"Fusked Hermoine Wand Magic Wands Harry Potter Accessories Gift Toys Cosplay Dress Accessories For Kids(Limited Edition 2024),Multicolor",Shipments,,-1,CCX1,SELLABLE,,IN,,,2025-02-01T00:00:00+0530,UNKNOWN
02/01/2025,X001VSXA73,B0CKK1JKCR,"Fusked Hermoine Wand Magic Wands Harry Potter Accessories Gift Toys Cosplay Dress Accessories For Kids(Limited Edition 2024),Multicolor",Shipments,,-1,CCX1,SELLABLE,,IN,,,2025-02-01T00:00:00+0530,UNKNOWN
02/01/2025,X001VSVWK5,B0CKK4LHFS,"Fusked Snape Wand Magic Wands Harry Potter Accessories Gift Toys Cosplay Dress Accessories For Kids(Limited Edition 2024),Multicolor",Shipments,,-1,CCX1,SELLABLE,,IN,,,2025-02-01T00:00:00+0530,UNKNOWN
02/01/2025,X001VS5ZBR,B0CKJ5D2ZM,"Fusked Voldemort Wand Magic Wands Harry Potter Accessories With Sunglass Gift Toys Cosplay Dress Combo For Kids(Limited Edition 2024), Multicolor",Shipments,,-1,TLCQ,SELLABLE,,IN,,,2025-02-01T00:00:00+0530,UNKNOWN
02/01/2025,X001VQL0W7,B099WV6KGX,Fusked Thug Life Sunglasses Pixelated Mosaic Glasses Party Glasses MLG Shades (12 Pixels) Made in India (SINGLE),Shipments,,-1,CCX1,SELLABLE,,IN,,,2025-02-01T00:00:00+0530,UNKNOWN
02/01/2025,X001VQL0W7,B099WV6KGX,Fusked Thug Life Sunglasses Pixelated Mosaic Glasses Party Glasses MLG Shades (12 Pixels) Made in India (SINGLE),Shipments,,-1,BLR8,SELLABLE,,IN,,,2025-02-01T00:00:00+0530,UNKNOWN
02/01/2025,X001JJPAOZ,B09TVRYC6V,"CAAJU Titanic Mb, Music Box Titanic Heart Will Go On Tune Titanic Theme Music Box For Love Gift For Girl Friend Friends Wife Hand Crank Musical Boxes Wooden, Kid",Shipments,,-1,BLR8,SELLABLE,,IN,,,2025-02-01T00:00:00+0530,UNKNOWN
02/01/2025,X001FBNFIZ,B09BHTGT9F,Fusked Flufies Chimmy Plush Soft Toys for New Born Baby and Baby Boy - Soft and Easy Wash Puppy Plush - Huggable Plush Toys for Girls and Boys - BT21 Soft Toy for Fans and Home Décor,Shipments,,-1,BOM7,SELLABLE,,IN,,,2025-02-01T00:00:00+0530,UNKNOWN
01/31/2025,X00283I6HT,B0DTTY65TH,Fusked Flufies Breathing Teddy Soft Toys for Baby Girl and Boy - 25 cm Sensory Toys and Musical Toys for Kids - Sleeping Teddy Bear with Breathing - Baby Gifts Cuddle Pillow (Breathing Otter Grey),Shipments,,-1,TLCQ,SELLABLE,,IN,,,2025-01-31T00:00:00+0530,UNKNOWN
01/31/2025,X00282EELH,B0DTQ58T61,Fusked Flufies Breathing Messenger Cat Soft Toys for Baby Girl and Boy - 25 cm Sensory Toys and Musical Toys for Kids - Sleeping Teddy Bear with Breathing - Baby Gifts Cuddle Pillow (Pink),Shipments,,-1,TLCQ,SELLABLE,,IN,,,2025-01-31T00:00:00+0530,UNKNOWN
01/31/2025,X0027Z4S1L,B0DK52Z4FT,Fusked Flufies Breathing Teddy Soft Toys for Baby Girl and Boy - 25 cm Sensory Toys and Musical Toys for Kids - Sleeping Teddy Bear with Breathing - Baby Gifts Cuddle Pillow (Breathing Stitch Blue),Shipments,,-1,TLCQ,SELLABLE,,IN,,,2025-01-31T00:00:00+0530,UNKNOWN
01/31/2025,X0027SINDR,B0DSPWLCVP,FUSKED Flufies Sand Filled Rubber Squishy Toy for Kids - Soft Ball for Kids and Stress Relief Toys Adults - Squeeze Ball Toys for Kids - Cat Kawaii Stuff Miniature Toys,Shipments,,-1,TLCQ,SELLABLE,,IN,,,2025-01-31T00:00:00+0530,UNKNOWN
01/31/2025,X0027QARD3,B0DSJMBF52,Fusked Flufies Breathing Fox Soft Toys for Baby Girl and Boy - 25 cmSensory Toys and Musical Toys for Kids - Sleeping Teddy Bear with Breathing - Baby Gifts Newborn - Baby Toy Cuddle Pillow,Shipments,,-1,TLCQ,SELLABLE,,IN,,,2025-01-31T00:00:00+0530,UNKNOWN
01/31/2025,X0027KW4W1,B0DS18WRKZ,FUSKED Flufies Squishy Toy for Kids - Soft Ball for Kids and Stress Relief Toys Adults - Squeeze Ball Toys for Kids - Cat Kawaii Stuff Miniature Toys for Birthday,Shipments,,-1,TLCQ,SELLABLE,,IN,,,2025-01-31T00:00:00+0530,UNKNOWN
01/31/2025,X0027APMYD,B0DR9763JC,Fusked Minecraft Plushie Stuffed Doll Cuddly Collectable Mine Craft Soft Toy Gift Plush Toys Kids Soft Plush Toys Valentine's Day Christmas Birthday Game Character (Llama and Ghast),Shipments,,-1,TLCQ,SELLABLE,,IN,,,2025-01-31T00:00:00+0530,UNKNOWN
01/31/2025,X0027ANQ1J,B0DR96LD67,Fusked Minecraft Plushie Stuffed Doll Cuddly Collectable Mine Craft Soft Toy Gift Plush Toys Kids Soft Plush Toys Valentine's Day Christmas Birthday Game Character (Llama and Creeper),Shipments,,-1,TLCQ,SELLABLE,,IN,,,2025-01-31T00:00:00+0530,UNKNOWN
01/31/2025,X00279NLG5,B0DR6167SQ,Fusked Flufies Breathing Otter Soft Toys for Baby Girl and Boy - 25cm Sensory Toys and Musical Toys for Kids - Sleeping Teddy Bear with Breathing - Baby Gifts Newborn - Baby Toy Cuddle Pillow,Shipments,,-1,TLCQ,SELLABLE,,IN,,,2025-01-31T00:00:00+0530,UNKNOWN
01/31/2025,X002739JM1,B0DQH3G9TL,Fusked Flufies Breathing Teddy Soft Toys for Baby Girl and Boy - 25 cm Sensory Toys and Musical Toys for Kids - Sleeping Teddy Bear with Breathing - Baby Gifts Cuddle Pillow (Breathing Pink Otter),Shipments,,-1,TLCQ,SELLABLE,,IN,,,2025-01-31T00:00:00+0530,UNKNOWN
01/31/2025,X002736T0L,B0DQH52R4H,"Caaju Compression Packing Cubes Travel Organizer Set, 3 Cubes and 1 Shoe Bag, Cream (Sky Blue, Large)",Shipments,,-1,BLR8,SELLABLE,,IN,,,2025-01-31T00:00:00+0530,UNKNOWN
01/31/2025,X0027339I1,B0DQGX8365,Fusked Flufies Breathing Teddy Soft Toys for Baby Girl and Boy - 25 cm Sensory Toys and Musical Toys for Kids - Sleeping Teddy Bear with Breathing - Baby Gifts Cuddle Pillow (Dark Brown),Shipments,,-1,TLCQ,SELLABLE,,IN,,,2025-01-31T00:00:00+0530,UNKNOWN
01/31/2025,X0027339I1,B0DQGX8365,Fusked Flufies Breathing Teddy Soft Toys for Baby Girl and Boy - 25 cm Sensory Toys and Musical Toys for Kids - Sleeping Teddy Bear with Breathing - Baby Gifts Cuddle Pillow (Dark Brown),Shipments,,-1,TLCQ,SELLABLE,,IN,,,2025-01-31T00:00:00+0530,UNKNOWN
01/31/2025,X0027339I1,B0DQGX8365,Fusked Flufies Breathing Teddy Soft Toys for Baby Girl and Boy - 25 cm Sensory Toys and Musical Toys for Kids - Sleeping Teddy Bear with Breathing - Baby Gifts Cuddle Pillow (Dark Brown),Shipments,,-1,TLCQ,SELLABLE,,IN,,,2025-01-31T00:00:00+0530,UNKNOWN
01/31/2025,X0027339I1,B0DQGX8365,Fusked Flufies Breathing Teddy Soft Toys for Baby Girl and Boy - 25 cm Sensory Toys and Musical Toys for Kids - Sleeping Teddy Bear with Breathing - Baby Gifts Cuddle Pillow (Dark Brown),Shipments,,-1,TLCQ,SELLABLE,,IN,,,2025-01-31T00:00:00+0530,UNKNOWN
01/31/2025,X0026O9B83,B0DP571GNP,Fusked Flufies Combo Minecraft Sword and Steve Plush Toys for Collectors - Kids Room Decor and Halloween Decor for Video Game Fans- Washable for Girls and Boys for Birthday,Shipments,,-1,TLCQ,SELLABLE,,IN,,,2025-01-31T00:00:00+0530,UNKNOWN
01/31/2025,X0026FX4Q7,B0DNKC3PQ4,Fusked Flufies Minecraft Sword and Pickaxe for Room Decor and Halloween Decor - Foam Minecraft Pickaxe for Kids and Collectors - Diamond Netherite Toy for Birthday and Role Play (Pickaxe and Sword),Shipments,,-1,TLCQ,SELLABLE,,IN,,,2025-01-31T00:00:00+0530,UNKNOWN
01/31/2025,X0026FX4Q7,B0DNKC3PQ4,Fusked Flufies Minecraft Sword and Pickaxe for Room Decor and Halloween Decor - Foam Minecraft Pickaxe for Kids and Collectors - Diamond Netherite Toy for Birthday and Role Play (Pickaxe and Sword),Shipments,,-1,TLCQ,SELLABLE,,IN,,,2025-01-31T00:00:00+0530,UNKNOWN
01/31/2025,X0026FX4Q7,B0DNKC3PQ4,Fusked Flufies Minecraft Sword and Pickaxe for Room Decor and Halloween Decor - Foam Minecraft Pickaxe for Kids and Collectors - Diamond Netherite Toy for Birthday and Role Play (Pickaxe and Sword),Shipments,,-1,TLCQ,SELLABLE,,IN,,,2025-01-31T00:00:00+0530,UNKNOWN
01/31/2025,X0026EX1AH,B0DNG1FQ67,Fusked Flufies Blox Fruits Plush Soft Toy for Kids and Collectors - Video Game Soft Pillow for Cute Home Decor and Gift - Washable and Safe Material Stuffed Toy,Shipments,,-1,TLCQ,SELLABLE,,IN,,,2025-01-31T00:00:00+0530,UNKNOWN
01/31/2025,X0026EX1AH,B0DNG1FQ67,Fusked Flufies Blox Fruits Plush Soft Toy for Kids and Collectors - Video Game Soft Pillow for Cute Home Decor and Gift - Washable and Safe Material Stuffed Toy,Shipments,,-1,TLCQ,SELLABLE,,IN,,,2025-01-31T00:00:00+0530,UNKNOWN
01/31/2025,X0026EWNTH,B0DNFY2WW3,Fusked Flufies Blox Fruits Plush Soft Toy for Kids and Collectors - Video Game Soft Pillow for Cute Home Decor and Gift - Washable and Safe Material Stuffed Toy,Shipments,,-1,TLCQ,SELLABLE,,IN,,,2025-01-31T00:00:00+0530,UNKNOWN
01/31/2025,X0026EWNTH,B0DNFY2WW3,Fusked Flufies Blox Fruits Plush Soft Toy for Kids and Collectors - Video Game Soft Pillow for Cute Home Decor and Gift - Washable and Safe Material Stuffed Toy,Shipments,,-1,TLCQ,SELLABLE,,IN,,,2025-01-31T00:00:00+0530,UNKNOWN
01/31/2025,X0026EWNTH,B0DNFY2WW3,Fusked Flufies Blox Fruits Plush Soft Toy for Kids and Collectors - Video Game Soft Pillow for Cute Home Decor and Gift - Washable and Safe Material Stuffed Toy,Shipments,,-1,TLCQ,SELLABLE,,IN,,,2025-01-31T00:00:00+0530,UNKNOWN
01/31/2025,X0026EWNTH,B0DNFY2WW3,Fusked Flufies Blox Fruits Plush Soft Toy for Kids and Collectors - Video Game Soft Pillow for Cute Home Decor and Gift - Washable and Safe Material Stuffed Toy,Shipments,,-1,TLCQ,SELLABLE,,IN,,,2025-01-31T00:00:00+0530,UNKNOWN
01/31/2025,X0026EWNTH,B0DNFY2WW3,Fusked Flufies Blox Fruits Plush Soft Toy for Kids and Collectors - Video Game Soft Pillow for Cute Home Decor and Gift - Washable and Safe Material Stuffed Toy,Shipments,,-1,TLCQ,SELLABLE,,IN,,,2025-01-31T00:00:00+0530,UNKNOWN
01/31/2025,X0026EOVRT,B0DNFR9Y8W,Fusked Flufies Minecraft Pillow Plush Toys for Collectors - Kids Room Decor and Halloween Decor for Video Game Fans- Washable for Girls and Boys for Birthday,Shipments,,-1,TLCQ,SELLABLE,,IN,,,2025-01-31T00:00:00+0530,UNKNOWN
01/31/2025,X0026EFXFD,B0DNFSJWLZ,Fusked Flufies Penguin with Hat and Bag Plush Soft Toys for Baby and Toddlers - Washable and Safe Travelling Baby Toys for 2+ Year Old boy and Girl - New Born Baby Gifts for Birthday,Shipments,,-1,TLCQ,SELLABLE,,IN,,,2025-01-31T00:00:00+0530,UNKNOWN
01/31/2025,X0026EFV05,B0DNFMY3N5,Fusked Flufies 30 cm Minecraft Cave Spider Plush Toys for Collectors - Video Game Kids Room Decor and Halloween Decor -Washable for Girls and Boys for Birthday (Spider),Shipments,,-1,TLCQ,SELLABLE,,IN,,,2025-01-31T00:00:00+0530,UNKNOWN
01/31/2025,X0026EFU8X,B0DNFP6LVS,Fusked Flufies 16 cm Minecraft Cow Plush Toys for Collectors - Video Game Kids Room Decor and Halloween Decor - Washable for Girls and Boys for Birthday (Cow),Shipments,,-1,TLCQ,SELLABLE,,IN,,,2025-01-31T00:00:00+0530,UNKNOWN
01/31/2025,X0025L96YB,B0DK52Z4FT,Fusked Flufies Breathing Teddy Soft Toys for Baby Girl and Boy - 25 cm Sensory Toys and Musical Toys for Kids - Sleeping Teddy Bear with Breathing - Baby Gifts Cuddle Pillow (Breathing Stitch Blue),Shipments,,-1,TLCQ,SELLABLE,,IN,,,2025-01-31T00:00:00+0530,UNKNOWN
01/31/2025,X0025L96YB,B0DK52Z4FT,Fusked Flufies Breathing Teddy Soft Toys for Baby Girl and Boy - 25 cm Sensory Toys and Musical Toys for Kids - Sleeping Teddy Bear with Breathing - Baby Gifts Cuddle Pillow (Breathing Stitch Blue),Shipments,,-1,TLCQ,SELLABLE,,IN,,,2025-01-31T00:00:00+0530,UNKNOWN
01/31/2025,X0025L96YB,B0DK52Z4FT,Fusked Flufies Breathing Teddy Soft Toys for Baby Girl and Boy - 25 cm Sensory Toys and Musical Toys for Kids - Sleeping Teddy Bear with Breathing - Baby Gifts Cuddle Pillow (Breathing Stitch Blue),Shipments,,-1,TLCQ,SELLABLE,,IN,,,2025-01-31T00:00:00+0530,UNKNOWN
01/31/2025,X0025L96YB,B0DK52Z4FT,Fusked Flufies Breathing Teddy Soft Toys for Baby Girl and Boy - 25 cm Sensory Toys and Musical Toys for Kids - Sleeping Teddy Bear with Breathing - Baby Gifts Cuddle Pillow (Breathing Stitch Blue),Shipments,,-1,TLCQ,SELLABLE,,IN,,,2025-01-31T00:00:00+0530,UNKNOWN
01/31/2025,X0025L96YB,B0DK52Z4FT,Fusked Flufies Breathing Teddy Soft Toys for Baby Girl and Boy - 25 cm Sensory Toys and Musical Toys for Kids - Sleeping Teddy Bear with Breathing - Baby Gifts Cuddle Pillow (Breathing Stitch Blue),Shipments,,-1,TLCQ,SELLABLE,,IN,,,2025-01-31T00:00:00+0530,UNKNOWN
01/31/2025,X0025L96YB,B0DK52Z4FT,Fusked Flufies Breathing Teddy Soft Toys for Baby Girl and Boy - 25 cm Sensory Toys and Musical Toys for Kids - Sleeping Teddy Bear with Breathing - Baby Gifts Cuddle Pillow (Breathing Stitch Blue),Shipments,,-1,TLCQ,SELLABLE,,IN,,,2025-01-31T00:00:00+0530,UNKNOWN
01/31/2025,X0024AAU4D,B0DFTTQ4J6,"Fusked Premium Minecraft Diamond Foam Sword Small Toy for Kids Durable, Ideal for Cosplay, Role Playing, Halloween Costumes, and Room Decor 23 CM",Shipments,,-1,TLCQ,SELLABLE,,IN,,,2025-01-31T00:00:00+0530,UNKNOWN
01/31/2025,X0024AAU4D,B0DFTTQ4J6,"Fusked Premium Minecraft Diamond Foam Sword Small Toy for Kids Durable, Ideal for Cosplay, Role Playing, Halloween Costumes, and Room Decor 23 CM",Shipments,,-1,TLCQ,SELLABLE,,IN,,,2025-01-31T00:00:00+0530,UNKNOWN
01/31/2025,X0024AAU4D,B0DFTTQ4J6,"Fusked Premium Minecraft Diamond Foam Sword Small Toy for Kids Durable, Ideal for Cosplay, Role Playing, Halloween Costumes, and Room Decor 23 CM",Shipments,,-2,TLCQ,SELLABLE,,IN,,,2025-01-31T00:00:00+0530,UNKNOWN
01/31/2025,X0024AAU4D,B0DFTTQ4J6,"Fusked Premium Minecraft Diamond Foam Sword Small Toy for Kids Durable, Ideal for Cosplay, Role Playing, Halloween Costumes, and Room Decor 23 CM",Shipments,,-2,TLCQ,SELLABLE,,IN,,,2025-01-31T00:00:00+0530,UNKNOWN
01/31/2025,X0024AAU4D,B0DFTTQ4J6,"Fusked Premium Minecraft Diamond Foam Sword Small Toy for Kids Durable, Ideal for Cosplay, Role Playing, Halloween Costumes, and Room Decor 23 CM",Shipments,,-1,TLCQ,SELLABLE,,IN,,,2025-01-31T00:00:00+0530,UNKNOWN
01/31/2025,X0024AAU4D,B0DFTTQ4J6,"Fusked Premium Minecraft Diamond Foam Sword Small Toy for Kids Durable, Ideal for Cosplay, Role Playing, Halloween Costumes, and Room Decor 23 CM",Shipments,,-1,TLCQ,SELLABLE,,IN,,,2025-01-31T00:00:00+0530,UNKNOWN
01/31/2025,X0024AAU4D,B0DFTTQ4J6,"Fusked Premium Minecraft Diamond Foam Sword Small Toy for Kids Durable, Ideal for Cosplay, Role Playing, Halloween Costumes, and Room Decor 23 CM",Shipments,,-1,TLCQ,SELLABLE,,IN,,,2025-01-31T00:00:00+0530,UNKNOWN
01/31/2025,X0024AAU4D,B0DFTTQ4J6,"Fusked Premium Minecraft Diamond Foam Sword Small Toy for Kids Durable, Ideal for Cosplay, Role Playing, Halloween Costumes, and Room Decor 23 CM",Shipments,,-1,TLCQ,SELLABLE,,IN,,,2025-01-31T00:00:00+0530,UNKNOWN
01/31/2025,X0024AAU4D,B0DFTTQ4J6,"Fusked Premium Minecraft Diamond Foam Sword Small Toy for Kids Durable, Ideal for Cosplay, Role Playing, Halloween Costumes, and Room Decor 23 CM",Shipments,,-1,TLCQ,SELLABLE,,IN,,,2025-01-31T00:00:00+0530,UNKNOWN
01/31/2025,X0024A2EZ1,B0D97KDC28,"Fusked Flufies Koala Plush Toy for Babies and Kids - Cozy Stitch Soft Toy for Kids (12 Month to 1.5 Year) - Safe, and Washable - Gift Items for Girls and Boys",Shipments,,-1,TLCQ,SELLABLE,,IN,,,2025-01-31T00:00:00+0530,UNKNOWN
01/31/2025,X0024A2EYH,B0DFTHX7GZ,"Fusked Premium Minecraft Diamond Foam Sword Small Toy for Kids Durable, Ideal for Cosplay, Role Playing, Halloween Costumes, and Room Decor 45 CM",Shipments,,-1,TLCQ,SELLABLE,,IN,,,2025-01-31T00:00:00+0530,UNKNOWN
01/31/2025,X0024A2EYH,B0DFTHX7GZ,"Fusked Premium Minecraft Diamond Foam Sword Small Toy for Kids Durable, Ideal for Cosplay, Role Playing, Halloween Costumes, and Room Decor 45 CM",Shipments,,-1,TLCQ,SELLABLE,,IN,,,2025-01-31T00:00:00+0530,UNKNOWN
01/31/2025,X0024A2EYH,B0DFTHX7GZ,"Fusked Premium Minecraft Diamond Foam Sword Small Toy for Kids Durable, Ideal for Cosplay, Role Playing, Halloween Costumes, and Room Decor 45 CM",Shipments,,-1,TLCQ,SELLABLE,,IN,,,2025-01-31T00:00:00+0530,UNKNOWN
01/31/2025,X0024A2EYH,B0DFTHX7GZ,"Fusked Premium Minecraft Diamond Foam Sword Small Toy for Kids Durable, Ideal for Cosplay, Role Playing, Halloween Costumes, and Room Decor 45 CM",Shipments,,-1,TLCQ,SELLABLE,,IN,,,2025-01-31T00:00:00+0530,UNKNOWN
01/31/2025,X0024A2EVZ,B0DB9W5XJS,"Fusked Fluffies Hello Kitty Plush Soft Toy for Newborn Baby - Cute Hello Kitty Stuff Toys for Kids (12 Month to 1.5 Year) - Safe, and Washable",Shipments,,-1,TLCQ,SELLABLE,,IN,,,2025-01-31T00:00:00+0530,UNKNOWN
01/31/2025,X0022R823J,B0D8W9JM32,Fusked Flufies Soft Toy - Soft and Washable Baby Toy - Toys for 1 Year Old Girl and Baby Boy - Kawaii Plushies Soft Toys for Home Decor - Cute Stuff Toy for Birthday (Dragon with Fire Tail),Shipments,,-1,TLCQ,SELLABLE,,IN,,,2025-01-31T00:00:00+0530,UNKNOWN
01/31/2025,X00219DI2D,B0D4NGDF6K,"Caaju Compression Packing Cubes Travel Organizer Set, 3 Cubes and 1 Shoe Bag, Expandable Luggage Suitcase, Lightweight Packing Organizers for Women & Men (Polyester, 4 Piece Set, Blue)",Shipments,,-1,TLCQ,SELLABLE,,IN,,,2025-01-31T00:00:00+0530,UNKNOWN
01/31/2025,X001W7X2Y9,B0CLLR9X7S,"Fusked Dumbledore Light Wand Toy For Kids Gift With Musicbox Harrypotter Accesssories Cosplay Combo Magic Wand Stick With Musical Box Combo(Limited Edition 2024), Multicolor",Shipments,,-1,BLR8,SELLABLE,,IN,,,2025-01-31T00:00:00+0530,UNKNOWN
01/31/2025,X001W7X2XZ,B0CLLS6HZH,"Fusked Harry Potter Light Wand Toy For Kids Gift Harrypotter Accesssories Cosplay Magic Wands Stick(Limited Edition 2024),Multicolor",Shipments,,-1,TLCQ,SELLABLE,,IN,,,2025-01-31T00:00:00+0530,UNKNOWN
01/31/2025,X001W7X2XZ,B0CLLS6HZH,"Fusked Harry Potter Light Wand Toy For Kids Gift Harrypotter Accesssories Cosplay Magic Wands Stick(Limited Edition 2024),Multicolor",Shipments,,-1,TLCQ,SELLABLE,,IN,,,2025-01-31T00:00:00+0530,UNKNOWN
01/31/2025,X001W7Q43F,B0CLLQRC8C,"Fusked Harry Potter Light Wand Toy For Kids Gift With Music Box Harrypotter Accesssories Cosplay Combo Magic Wands Stick(Limited Edition 2024), Multicolor",Shipments,,-1,CCX1,SELLABLE,,IN,,,2025-01-31T00:00:00+0530,UNKNOWN
01/31/2025,X001W7Q435,B0CLLSB7GN,Fusked Voldemort Light Wand Toy For Kids Gift Harrypotter Accesssories Cosplay Magic Wand Stick (Limited Edition 2024) - Multicolor,Shipments,,-1,BLR8,SELLABLE,,IN,,,2025-01-31T00:00:00+0530,UNKNOWN
01/31/2025,X001VWEY5V,B095YHH4CN,Caaju Caaaju Money Heist Music Box Hand Cranked Collectable Wooden Engraved Musical Box Bella ciao Theme Music Tune la casa de Papel musicbox,Shipments,,-1,TLCQ,SELLABLE,,IN,,,2025-01-31T00:00:00+0530,UNKNOWN
01/31/2025,X001VV0BWR,B0CKFC3SHP,Fusked Axolotl Plush Toy Stuffed Animal Pillow Toy Doll Halloween Axolotl Cuddle Buddy Plush Pillow Edition Cotten Pillow for Kids (Blue),Shipments,,-1,BOM7,SELLABLE,,IN,,,2025-01-31T00:00:00+0530,UNKNOWN
01/31/2025,X001VUVZ0Z,B0CGX34V59,FUSKED Kalimba Thumb Piano for Beginners - Professional Music instrument with Engraved Notes (Sabrina 8 Notes Kalimba),Shipments,,-1,TLCQ,SELLABLE,,IN,,,2025-01-31T00:00:00+0530,UNKNOWN
01/31/2025,X001VSXA73,B0CKK1JKCR,"Fusked Hermoine Wand Magic Wands Harry Potter Accessories Gift Toys Cosplay Dress Accessories For Kids(Limited Edition 2024),Multicolor",Shipments,,-1,TLCQ,SELLABLE,,IN,,,2025-01-31T00:00:00+0530,UNKNOWN
01/31/2025,X001VSXA73,B0CKK1JKCR,"Fusked Hermoine Wand Magic Wands Harry Potter Accessories Gift Toys Cosplay Dress Accessories For Kids(Limited Edition 2024),Multicolor",Shipments,,-1,CCX1,SELLABLE,,IN,,,2025-01-31T00:00:00+0530,UNKNOWN
01/31/2025,X001VSVWK5,B0CKK4LHFS,"Fusked Snape Wand Magic Wands Harry Potter Accessories Gift Toys Cosplay Dress Accessories For Kids(Limited Edition 2024),Multicolor",Shipments,,-1,TLCQ,SELLABLE,,IN,,,2025-01-31T00:00:00+0530,UNKNOWN
01/31/2025,X001VSVWK5,B0CKK4LHFS,"Fusked Snape Wand Magic Wands Harry Potter Accessories Gift Toys Cosplay Dress Accessories For Kids(Limited Edition 2024),Multicolor",Shipments,,-1,TLCQ,SELLABLE,,IN,,,2025-01-31T00:00:00+0530,UNKNOWN
01/31/2025,X001VQL0W7,B099WV6KGX,Fusked Thug Life Sunglasses Pixelated Mosaic Glasses Party Glasses MLG Shades (12 Pixels) Made in India (SINGLE),Shipments,,-1,PNQ2,SELLABLE,,IN,,,2025-01-31T00:00:00+0530,UNKNOWN
01/31/2025,X001VQL0W7,B099WV6KGX,Fusked Thug Life Sunglasses Pixelated Mosaic Glasses Party Glasses MLG Shades (12 Pixels) Made in India (SINGLE),Shipments,,-1,PNQ2,SELLABLE,,IN,,,2025-01-31T00:00:00+0530,UNKNOWN
01/31/2025,X001MDIA81,B09HSDTLW1,Fusked Fire Glasses Sun Glasses Stylish and Trendy | Fire Flame Sunglasses Flame Rimless Sunglasses Rimless Wave Glasses Fire Shape Glasses Eyewear for Party - Mercury Green,Shipments,,-1,TLCQ,SELLABLE,,IN,,,2025-01-31T00:00:00+0530,UNKNOWN
01/31/2025,X001LDJUJZ,B09SKJVYW3,"Dragon Fly Sunglass cool Sunglass, Rimless Frameless Butterfly Sun glasses Unisex Vintage Eyewear (Green)",Shipments,,-1,TLCQ,SELLABLE,,IN,,,2025-01-31T00:00:00+0530,UNKNOWN
01/31/2025,X001LDJUJZ,B09SKJVYW3,"Dragon Fly Sunglass cool Sunglass, Rimless Frameless Butterfly Sun glasses Unisex Vintage Eyewear (Green)",Shipments,,-1,TLCQ,SELLABLE,,IN,,,2025-01-31T00:00:00+0530,UNKNOWN
01/31/2025,X001LDJUJZ,B09SKJVYW3,"Dragon Fly Sunglass cool Sunglass, Rimless Frameless Butterfly Sun glasses Unisex Vintage Eyewear (Green)",Shipments,,-1,TLCQ,SELLABLE,,IN,,,2025-01-31T00:00:00+0530,UNKNOWN
01/31/2025,X001KP3IV5,B0B2LPJGNM,Fusked Fire Sun Glasses Stylish and Trendy | Fire Flame Sunglasses Rimless Sunglasses Rimless Wave Glasses Fire Shape Glasses Eyewear for Party (YELLOW),Shipments,,-1,TLCQ,SELLABLE,,IN,,,2025-01-31T00:00:00+0530,UNKNOWN
01/31/2025,X001FBKSHB,B08VDJ95YX,CAAJU Thug Life Sunglasses Limited Edition (Unisex) (Black) - Pack of 1,Shipments,,-1,TLCQ,SELLABLE,,IN,,,2025-01-31T00:00:00+0530,UNKNOWN
01/31/2025,X001FBKSCV,B097J9VGGN,Caaju Music Box Gift Bella Ciao Wooden Music Box Laser Engraved Vintage Music Boxes Birthday Valentine's Day Gift Bella Ciao Black,Shipments,,-1,TLCQ,SELLABLE,,IN,,,2025-01-31T00:00:00+0530,UNKNOWN
01/31/2025,X001EXX4ZN,B08Z4CQSB8,Caaju Thug Life Sunglasses Pixelated Mosaic Glasses Party Glasses MLG Shades (12 Pixels) Made in India (COMBO 2),Shipments,,-1,TLCQ,SELLABLE,,IN,,,2025-01-31T00:00:00+0530,UNKNOWN
01/30/2025,X00283I6HT,B0DTTY65TH,Fusked Flufies Breathing Teddy Soft Toys for Baby Girl and Boy - 25 cm Sensory Toys and Musical Toys for Kids - Sleeping Teddy Bear with Breathing - Baby Gifts Cuddle Pillow (Breathing Otter Grey),Shipments,,-1,TLCQ,SELLABLE,,IN,,,2025-01-30T00:00:00+0530,UNKNOWN
01/30/2025,X0027Z4S1L,B0DK52Z4FT,Fusked Flufies Breathing Teddy Soft Toys for Baby Girl and Boy - 25 cm Sensory Toys and Musical Toys for Kids - Sleeping Teddy Bear with Breathing - Baby Gifts Cuddle Pillow (Breathing Stitch Blue),Shipments,,-1,TLCQ,SELLABLE,,IN,,,2025-01-30T00:00:00+0530,UNKNOWN
01/30/2025,X0027Z4S1L,B0DK52Z4FT,Fusked Flufies Breathing Teddy Soft Toys for Baby Girl and Boy - 25 cm Sensory Toys and Musical Toys for Kids - Sleeping Teddy Bear with Breathing - Baby Gifts Cuddle Pillow (Breathing Stitch Blue),Shipments,,-1,TLCQ,SELLABLE,,IN,,,2025-01-30T00:00:00+0530,UNKNOWN
01/30/2025,X0027Z4S1L,B0DK52Z4FT,Fusked Flufies Breathing Teddy Soft Toys for Baby Girl and Boy - 25 cm Sensory Toys and Musical Toys for Kids - Sleeping Teddy Bear with Breathing - Baby Gifts Cuddle Pillow (Breathing Stitch Blue),Shipments,,-1,TLCQ,SELLABLE,,IN,,,2025-01-30T00:00:00+0530,UNKNOWN
01/30/2025,X0027Z4S1L,B0DK52Z4FT,Fusked Flufies Breathing Teddy Soft Toys for Baby Girl and Boy - 25 cm Sensory Toys and Musical Toys for Kids - Sleeping Teddy Bear with Breathing - Baby Gifts Cuddle Pillow (Breathing Stitch Blue),Shipments,,-1,TLCQ,SELLABLE,,IN,,,2025-01-30T00:00:00+0530,UNKNOWN
01/30/2025,X002737Y0Z,B0CK5MLSVC,Fusked Harry Potter Sunglass Shades of Magic Wizard's Shade Spectacles Harry Potter-themed eyewear Wizarding fashion eyewear,Shipments,,-1,TLCQ,SELLABLE,,IN,,,2025-01-30T00:00:00+0530,UNKNOWN
01/30/2025,X002737Y0Z,B0CK5MLSVC,Fusked Harry Potter Sunglass Shades of Magic Wizard's Shade Spectacles Harry Potter-themed eyewear Wizarding fashion eyewear,Shipments,,-5,TLCQ,SELLABLE,,IN,,,2025-01-30T00:00:00+0530,UNKNOWN
01/30/2025,X0027339I1,B0DQGX8365,Fusked Flufies Breathing Teddy Soft Toys for Baby Girl and Boy - 25 cm Sensory Toys and Musical Toys for Kids - Sleeping Teddy Bear with Breathing - Baby Gifts Cuddle Pillow (Dark Brown),Shipments,,-1,TLCQ,SELLABLE,,IN,,,2025-01-30T00:00:00+0530,UNKNOWN
01/30/2025,X0026EWNTH,B0DNFY2WW3,Fusked Flufies Blox Fruits Plush Soft Toy for Kids and Collectors - Video Game Soft Pillow for Cute Home Decor and Gift - Washable and Safe Material Stuffed Toy,Shipments,,-1,TLCQ,SELLABLE,,IN,,,2025-01-30T00:00:00+0530,UNKNOWN
01/30/2025,X0026ER40F,B0DNFY6GPX,Fusked Flufies Blox Fruits Plush Soft Toy for Kids and Collectors - Video Game Soft Pillow for Cute Home Decor and Gift - Washable and Safe Material Stuffed Toy,Shipments,,-1,TLCQ,SELLABLE,,IN,,,2025-01-30T00:00:00+0530,UNKNOWN
01/30/2025,X0026ER40F,B0DNFY6GPX,Fusked Flufies Blox Fruits Plush Soft Toy for Kids and Collectors - Video Game Soft Pillow for Cute Home Decor and Gift - Washable and Safe Material Stuffed Toy,Shipments,,-1,TLCQ,SELLABLE,,IN,,,2025-01-30T00:00:00+0530,UNKNOWN
01/30/2025,X0026ER40F,B0DNFY6GPX,Fusked Flufies Blox Fruits Plush Soft Toy for Kids and Collectors - Video Game Soft Pillow for Cute Home Decor and Gift - Washable and Safe Material Stuffed Toy,Shipments,,-1,TLCQ,SELLABLE,,IN,,,2025-01-30T00:00:00+0530,UNKNOWN
01/30/2025,X0026EIUFX,B0DNFPYGKY,Fusked Flufies Kuromi Plush Soft Toys for Kids Girls and Boys - Cute Rabbit Baby Toy for Room Decor - Washable and Safe Stuffed Animal for Birthday Gift and Collection,Shipments,,-1,TLCQ,SELLABLE,,IN,,,2025-01-30T00:00:00+0530,UNKNOWN
01/30/2025,X0026CNFAP,B0CLLTYSMY,"Fusked Hermoine Light Wand Toy For Kids Gift With Sunglass Harrypotter Accesssories Cosplay Combo Magic Wand Stick(Limited Edition 2024),Multicolor",Shipments,,-1,TLCQ,SELLABLE,,IN,,,2025-01-30T00:00:00+0530,UNKNOWN
01/30/2025,X0026CNFAP,B0CLLTYSMY,"Fusked Hermoine Light Wand Toy For Kids Gift With Sunglass Harrypotter Accesssories Cosplay Combo Magic Wand Stick(Limited Edition 2024),Multicolor",Shipments,,-1,TLCQ,SELLABLE,,IN,,,2025-01-30T00:00:00+0530,UNKNOWN
01/30/2025,X0024AAU4D,B0DFTTQ4J6,"Fusked Premium Minecraft Diamond Foam Sword Small Toy for Kids Durable, Ideal for Cosplay, Role Playing, Halloween Costumes, and Room Decor 23 CM",Shipments,,-1,TLCQ,SELLABLE,,IN,,,2025-01-30T00:00:00+0530,UNKNOWN
01/30/2025,X0024AAU4D,B0DFTTQ4J6,"Fusked Premium Minecraft Diamond Foam Sword Small Toy for Kids Durable, Ideal for Cosplay, Role Playing, Halloween Costumes, and Room Decor 23 CM",Shipments,,-1,TLCQ,SELLABLE,,IN,,,2025-01-30T00:00:00+0530,UNKNOWN
01/30/2025,X0024AAU4D,B0DFTTQ4J6,"Fusked Premium Minecraft Diamond Foam Sword Small Toy for Kids Durable, Ideal for Cosplay, Role Playing, Halloween Costumes, and Room Decor 23 CM",Shipments,,-1,TLCQ,SELLABLE,,IN,,,2025-01-30T00:00:00+0530,UNKNOWN
01/30/2025,X0024AAU4D,B0DFTTQ4J6,"Fusked Premium Minecraft Diamond Foam Sword Small Toy for Kids Durable, Ideal for Cosplay, Role Playing, Halloween Costumes, and Room Decor 23 CM",Shipments,,-1,TLCQ,SELLABLE,,IN,,,2025-01-30T00:00:00+0530,UNKNOWN
01/30/2025,X0024AAU4D,B0DFTTQ4J6,"Fusked Premium Minecraft Diamond Foam Sword Small Toy for Kids Durable, Ideal for Cosplay, Role Playing, Halloween Costumes, and Room Decor 23 CM",Shipments,,-1,TLCQ,SELLABLE,,IN,,,2025-01-30T00:00:00+0530,UNKNOWN
01/30/2025,X0024AAU4D,B0DFTTQ4J6,"Fusked Premium Minecraft Diamond Foam Sword Small Toy for Kids Durable, Ideal for Cosplay, Role Playing, Halloween Costumes, and Room Decor 23 CM",Shipments,,-1,TLCQ,SELLABLE,,IN,,,2025-01-30T00:00:00+0530,UNKNOWN
01/30/2025,X0024A2EYH,B0DFTHX7GZ,"Fusked Premium Minecraft Diamond Foam Sword Small Toy for Kids Durable, Ideal for Cosplay, Role Playing, Halloween Costumes, and Room Decor 45 CM",Shipments,,-1,TLCQ,SELLABLE,,IN,,,2025-01-30T00:00:00+0530,UNKNOWN
01/30/2025,X0024A2EYH,B0DFTHX7GZ,"Fusked Premium Minecraft Diamond Foam Sword Small Toy for Kids Durable, Ideal for Cosplay, Role Playing, Halloween Costumes, and Room Decor 45 CM",Shipments,,-1,TLCQ,SELLABLE,,IN,,,2025-01-30T00:00:00+0530,UNKNOWN
01/30/2025,X0024A2EYH,B0DFTHX7GZ,"Fusked Premium Minecraft Diamond Foam Sword Small Toy for Kids Durable, Ideal for Cosplay, Role Playing, Halloween Costumes, and Room Decor 45 CM",Shipments,,-1,TLCQ,SELLABLE,,IN,,,2025-01-30T00:00:00+0530,UNKNOWN
01/30/2025,X0024A2EVZ,B0DB9W5XJS,"Fusked Fluffies Hello Kitty Plush Soft Toy for Newborn Baby - Cute Hello Kitty Stuff Toys for Kids (12 Month to 1.5 Year) - Safe, and Washable",Shipments,,-1,TLCQ,SELLABLE,,IN,,,2025-01-30T00:00:00+0530,UNKNOWN
01/30/2025,X0023ZAT27,B0DBZYS2GT,Fusked Flufies Combo 20 cm Minecraft Zombie and Creeper Plush Toys for Collectors - Kids Room Decor and Halloween Decor for Video Game Fans- Washable for Girls and Boys for Birthday,Shipments,,-1,TLCQ,SELLABLE,,IN,,,2025-01-30T00:00:00+0530,UNKNOWN
01/30/2025,X00219AWV3,B0D4GZ522X,Fusked Flufies 20 cm Minecraft Steve Plush Toys for Collectors - Kids Room Decor and Halloween Decor for Video Game Fans- Washable for Girls and Boys for Birthday,Shipments,,-1,TLCQ,SELLABLE,,IN,,,2025-01-30T00:00:00+0530,UNKNOWN
01/30/2025,X0020HWKMP,B0D2R6MMY4,"Fusked Eyeglasses/Sunglasses Case for Women/Girls Fashionable Stylish and for Travel with Hook for Hand Bags Trendy Eyeglasses pouch, Ideal for Sunglasses- Stylish & Protective (Bunny Pink Case)",Shipments,,-1,TLCQ,SELLABLE,,IN,,,2025-01-30T00:00:00+0530,UNKNOWN
01/30/2025,X001YKF8Z5,B0CN4R6FRF,"Caaju Premium 7pcs Travel Organizer | Packing Cubes for Travel Luggage Makeup Bags Organizers Toiletry Bag,Travel Essentials Space Savers Cosmetics/Underwear/Socks/Laundry with Shoe Bag Nylon (Grey)",Shipments,,-2,TLCQ,SELLABLE,,IN,,,2025-01-30T00:00:00+0530,UNKNOWN
01/30/2025,X001YKF8Z5,B0CN4R6FRF,"Caaju Premium 7pcs Travel Organizer | Packing Cubes for Travel Luggage Makeup Bags Organizers Toiletry Bag,Travel Essentials Space Savers Cosmetics/Underwear/Socks/Laundry with Shoe Bag Nylon (Grey)",Shipments,,-1,TLCQ,SELLABLE,,IN,,,2025-01-30T00:00:00+0530,UNKNOWN
01/30/2025,X001YGDE7D,B09Y3BL8VJ,Fusked Flufies Reversible Yoda Plush Stuff Toys for Kids - Show Your Mood with Star Wars Baby Yoda Soft Toy - Washable and Safe Baby Doll for Birthday Gift,Shipments,,-1,TLCQ,SELLABLE,,IN,,,2025-01-30T00:00:00+0530,UNKNOWN
01/30/2025,X001W7X2XZ,B0CLLS6HZH,"Fusked Harry Potter Light Wand Toy For Kids Gift Harrypotter Accesssories Cosplay Magic Wands Stick(Limited Edition 2024),Multicolor",Shipments,,-1,TLCQ,SELLABLE,,IN,,,2025-01-30T00:00:00+0530,UNKNOWN
01/30/2025,X001W7Q435,B0CLLSB7GN,Fusked Voldemort Light Wand Toy For Kids Gift Harrypotter Accesssories Cosplay Magic Wand Stick (Limited Edition 2024) - Multicolor,Shipments,,-1,BLR8,SELLABLE,,IN,,,2025-01-30T00:00:00+0530,UNKNOWN
01/30/2025,X001W7Q1M9,B0CLLRKYF1,"Fusked Dumbledore Light Wand Toy For Kids Gift Harrypotter Accesssories Cosplay Magic Wand Stick(Limited Edition 2024), Multicolor",Shipments,,-1,TLCQ,SELLABLE,,IN,,,2025-01-30T00:00:00+0530,UNKNOWN
01/30/2025,X001W7Q1M9,B0CLLRKYF1,"Fusked Dumbledore Light Wand Toy For Kids Gift Harrypotter Accesssories Cosplay Magic Wand Stick(Limited Edition 2024), Multicolor",Shipments,,-1,TLCQ,SELLABLE,,IN,,,2025-01-30T00:00:00+0530,UNKNOWN
01/30/2025,X001W7N0CD,B0CLLVH1GM,"Fusked Dumbledore Light Wand Toy For Kids Gift With Sunglass Harrypotter Accesssories Cosplay Combo Magic Wand Stick(Limited Edition 2024), Multicolor",Shipments,,-1,TLCQ,SELLABLE,,IN,,,2025-01-30T00:00:00+0530,UNKNOWN
01/30/2025,X001VW9S9D,B08MB39M1Q,Caaju Music Box Hand Cranked Collectable Wooden Engraved Musical Box – Pack of 1 (Harry Potter Black),Shipments,,-1,TLCQ,SELLABLE,,IN,,,2025-01-30T00:00:00+0530,UNKNOWN
01/30/2025,X001VW1I8R,B0C3XNLCG4,"Fusked Dragon Fly Sunglass cool Sunglass, Rimless Frameless Butterfly Sunglasses Unisex Vintage Eyewear (light Green Pink)",Shipments,,-1,TLCQ,SELLABLE,,IN,,,2025-01-30T00:00:00+0530,UNKNOWN
01/30/2025,X001VV0BWR,B0CKFC3SHP,Fusked Axolotl Plush Toy Stuffed Animal Pillow Toy Doll Halloween Axolotl Cuddle Buddy Plush Pillow Edition Cotten Pillow for Kids (Blue),Shipments,,-1,BOM7,SELLABLE,,IN,,,2025-01-30T00:00:00+0530,UNKNOWN
01/30/2025,X001VSXA73,B0CKK1JKCR,"Fusked Hermoine Wand Magic Wands Harry Potter Accessories Gift Toys Cosplay Dress Accessories For Kids(Limited Edition 2024),Multicolor",Shipments,,-1,TLCQ,SELLABLE,,IN,,,2025-01-30T00:00:00+0530,UNKNOWN
01/30/2025,X001VSXA73,B0CKK1JKCR,"Fusked Hermoine Wand Magic Wands Harry Potter Accessories Gift Toys Cosplay Dress Accessories For Kids(Limited Edition 2024),Multicolor",Shipments,,-2,TLCQ,SELLABLE,,IN,,,2025-01-30T00:00:00+0530,UNKNOWN
01/30/2025,X001VSVWK5,B0CKK4LHFS,"Fusked Snape Wand Magic Wands Harry Potter Accessories Gift Toys Cosplay Dress Accessories For Kids(Limited Edition 2024),Multicolor",Shipments,,-1,TLCQ,SELLABLE,,IN,,,2025-01-30T00:00:00+0530,UNKNOWN
01/30/2025,X001VS5ZBR,B0CKJ5D2ZM,"Fusked Voldemort Wand Magic Wands Harry Potter Accessories With Sunglass Gift Toys Cosplay Dress Combo For Kids(Limited Edition 2024), Multicolor",Shipments,,-1,TLCQ,SELLABLE,,IN,,,2025-01-30T00:00:00+0530,UNKNOWN
01/30/2025,X001JJPAOZ,B09TVRYC6V,"CAAJU Titanic Mb, Music Box Titanic Heart Will Go On Tune Titanic Theme Music Box For Love Gift For Girl Friend Friends Wife Hand Crank Musical Boxes Wooden, Kid",Shipments,,-1,BLR8,SELLABLE,,IN,,,2025-01-30T00:00:00+0530,UNKNOWN
01/30/2025,X001FBKSCV,B097J9VGGN,Caaju Music Box Gift Bella Ciao Wooden Music Box Laser Engraved Vintage Music Boxes Birthday Valentine's Day Gift Bella Ciao Black,Shipments,,-1,TLCQ,SELLABLE,,IN,,,2025-01-30T00:00:00+0530,UNKNOWN
01/29/2025,X00283I6HT,B0DTTY65TH,Fusked Flufies Breathing Teddy Soft Toys for Baby Girl and Boy - 25 cm Sensory Toys and Musical Toys for Kids - Sleeping Teddy Bear with Breathing - Baby Gifts Cuddle Pillow (Breathing Otter Grey),Shipments,,-1,TLCQ,SELLABLE,,IN,,,2025-01-29T00:00:00+0530,UNKNOWN
01/29/2025,X0027Z4S1L,B0DK52Z4FT,Fusked Flufies Breathing Teddy Soft Toys for Baby Girl and Boy - 25 cm Sensory Toys and Musical Toys for Kids - Sleeping Teddy Bear with Breathing - Baby Gifts Cuddle Pillow (Breathing Stitch Blue),Shipments,,-1,TLCQ,SELLABLE,,IN,,,2025-01-29T00:00:00+0530,UNKNOWN
01/29/2025,X0027Z4S1L,B0DK52Z4FT,Fusked Flufies Breathing Teddy Soft Toys for Baby Girl and Boy - 25 cm Sensory Toys and Musical Toys for Kids - Sleeping Teddy Bear with Breathing - Baby Gifts Cuddle Pillow (Breathing Stitch Blue),Shipments,,-1,TLCQ,SELLABLE,,IN,,,2025-01-29T00:00:00+0530,UNKNOWN
01/29/2025,X0027Z4S1L,B0DK52Z4FT,Fusked Flufies Breathing Teddy Soft Toys for Baby Girl and Boy - 25 cm Sensory Toys and Musical Toys for Kids - Sleeping Teddy Bear with Breathing - Baby Gifts Cuddle Pillow (Breathing Stitch Blue),Shipments,,-1,TLCQ,SELLABLE,,IN,,,2025-01-29T00:00:00+0530,UNKNOWN
01/29/2025,X0027Z4S1L,B0DK52Z4FT,Fusked Flufies Breathing Teddy Soft Toys for Baby Girl and Boy - 25 cm Sensory Toys and Musical Toys for Kids - Sleeping Teddy Bear with Breathing - Baby Gifts Cuddle Pillow (Breathing Stitch Blue),Shipments,,-1,TLCQ,SELLABLE,,IN,,,2025-01-29T00:00:00+0530,UNKNOWN
01/29/2025,X0027Z4S1L,B0DK52Z4FT,Fusked Flufies Breathing Teddy Soft Toys for Baby Girl and Boy - 25 cm Sensory Toys and Musical Toys for Kids - Sleeping Teddy Bear with Breathing - Baby Gifts Cuddle Pillow (Breathing Stitch Blue),Shipments,,-1,TLCQ,SELLABLE,,IN,,,2025-01-29T00:00:00+0530,UNKNOWN
01/29/2025,X0027Q9I5V,B0DSJJ4C5D,Fusked Flufies Breathing Teddy Soft Toys for Baby Girl and Boy - 25 cm Sensory Toys and Musical Toys for Kids - Sleeping Teddy Bear with Breathing - Baby Gifts Cuddle Pillow (Breathing Sloth),Shipments,,-1,TLCQ,SELLABLE,,IN,,,2025-01-29T00:00:00+0530,UNKNOWN
01/29/2025,X002737Y0Z,B0CK5MLSVC,Fusked Harry Potter Sunglass Shades of Magic Wizard's Shade Spectacles Harry Potter-themed eyewear Wizarding fashion eyewear,Shipments,,-1,TLCQ,SELLABLE,,IN,,,2025-01-29T00:00:00+0530,UNKNOWN
01/29/2025,X002737Y0Z,B0CK5MLSVC,Fusked Harry Potter Sunglass Shades of Magic Wizard's Shade Spectacles Harry Potter-themed eyewear Wizarding fashion eyewear,Shipments,,-1,TLCQ,SELLABLE,,IN,,,2025-01-29T00:00:00+0530,UNKNOWN
01/29/2025,X002734DU9,B0DQH6WZP2,"Caaju Compression Packing Cubes Travel Organizer Set, 3 Cubes and 1 Shoe Bag, Cream (Black, Large)",Shipments,,-1,TLCQ,SELLABLE,,IN,,,2025-01-29T00:00:00+0530,UNKNOWN
01/29/2025,X0027339I1,B0DQGX8365,Fusked Flufies Breathing Teddy Soft Toys for Baby Girl and Boy - 25 cm Sensory Toys and Musical Toys for Kids - Sleeping Teddy Bear with Breathing - Baby Gifts Cuddle Pillow (Dark Brown),Shipments,,-1,TLCQ,SELLABLE,,IN,,,2025-01-29T00:00:00+0530,UNKNOWN
01/29/2025,X0026EWNTH,B0DNFY2WW3,Fusked Flufies Blox Fruits Plush Soft Toy for Kids and Collectors - Video Game Soft Pillow for Cute Home Decor and Gift - Washable and Safe Material Stuffed Toy,Shipments,,-1,TLCQ,SELLABLE,,IN,,,2025-01-29T00:00:00+0530,UNKNOWN
01/29/2025,X0026ER40F,B0DNFY6GPX,Fusked Flufies Blox Fruits Plush Soft Toy for Kids and Collectors - Video Game Soft Pillow for Cute Home Decor and Gift - Washable and Safe Material Stuffed Toy,Shipments,,-1,TLCQ,SELLABLE,,IN,,,2025-01-29T00:00:00+0530,UNKNOWN
01/29/2025,X0026EIUFX,B0DNFPYGKY,Fusked Flufies Kuromi Plush Soft Toys for Kids Girls and Boys - Cute Rabbit Baby Toy for Room Decor - Washable and Safe Stuffed Animal for Birthday Gift and Collection,Shipments,,-1,TLCQ,SELLABLE,,IN,,,2025-01-29T00:00:00+0530,UNKNOWN
01/29/2025,X0024AAU4X,B0D91SDWFY,"Fusked Flufies Kirby Plush Soft Toy for New Born Babies - Snuggly Big Plush Toy for Girl and Boy (12 Months to 1.5 Years) - Multicolor, Safe and Washable Stuffed Toy",Shipments,,-1,TLCQ,SELLABLE,,IN,,,2025-01-29T00:00:00+0530,UNKNOWN
01/29/2025,X0024AAU4D,B0DFTTQ4J6,"Fusked Premium Minecraft Diamond Foam Sword Small Toy for Kids Durable, Ideal for Cosplay, Role Playing, Halloween Costumes, and Room Decor 23 CM",Shipments,,-1,TLCQ,SELLABLE,,IN,,,2025-01-29T00:00:00+0530,UNKNOWN
01/29/2025,X0024AAU4D,B0DFTTQ4J6,"Fusked Premium Minecraft Diamond Foam Sword Small Toy for Kids Durable, Ideal for Cosplay, Role Playing, Halloween Costumes, and Room Decor 23 CM",Shipments,,-1,TLCQ,SELLABLE,,IN,,,2025-01-29T00:00:00+0530,UNKNOWN
01/29/2025,X0024AAU4D,B0DFTTQ4J6,"Fusked Premium Minecraft Diamond Foam Sword Small Toy for Kids Durable, Ideal for Cosplay, Role Playing, Halloween Costumes, and Room Decor 23 CM",Shipments,,-1,TLCQ,SELLABLE,,IN,,,2025-01-29T00:00:00+0530,UNKNOWN
01/29/2025,X0024A2EYH,B0DFTHX7GZ,"Fusked Premium Minecraft Diamond Foam Sword Small Toy for Kids Durable, Ideal for Cosplay, Role Playing, Halloween Costumes, and Room Decor 45 CM",Shipments,,-1,TLCQ,SELLABLE,,IN,,,2025-01-29T00:00:00+0530,UNKNOWN
01/29/2025,X0024A2EYH,B0DFTHX7GZ,"Fusked Premium Minecraft Diamond Foam Sword Small Toy for Kids Durable, Ideal for Cosplay, Role Playing, Halloween Costumes, and Room Decor 45 CM",Shipments,,-1,TLCQ,SELLABLE,,IN,,,2025-01-29T00:00:00+0530,UNKNOWN
01/29/2025,X0024A2EYH,B0DFTHX7GZ,"Fusked Premium Minecraft Diamond Foam Sword Small Toy for Kids Durable, Ideal for Cosplay, Role Playing, Halloween Costumes, and Room Decor 45 CM",Shipments,,-1,TLCQ,SELLABLE,,IN,,,2025-01-29T00:00:00+0530,UNKNOWN
01/29/2025,X0024A2EYH,B0DFTHX7GZ,"Fusked Premium Minecraft Diamond Foam Sword Small Toy for Kids Durable, Ideal for Cosplay, Role Playing, Halloween Costumes, and Room Decor 45 CM",Shipments,,-1,TLCQ,SELLABLE,,IN,,,2025-01-29T00:00:00+0530,UNKNOWN
01/29/2025,X0024A2EYH,B0DFTHX7GZ,"Fusked Premium Minecraft Diamond Foam Sword Small Toy for Kids Durable, Ideal for Cosplay, Role Playing, Halloween Costumes, and Room Decor 45 CM",Shipments,,-1,TLCQ,SELLABLE,,IN,,,2025-01-29T00:00:00+0530,UNKNOWN
01/29/2025,X0024A2EYH,B0DFTHX7GZ,"Fusked Premium Minecraft Diamond Foam Sword Small Toy for Kids Durable, Ideal for Cosplay, Role Playing, Halloween Costumes, and Room Decor 45 CM",Shipments,,-1,TLCQ,SELLABLE,,IN,,,2025-01-29T00:00:00+0530,UNKNOWN
01/29/2025,X0024A2EYH,B0DFTHX7GZ,"Fusked Premium Minecraft Diamond Foam Sword Small Toy for Kids Durable, Ideal for Cosplay, Role Playing, Halloween Costumes, and Room Decor 45 CM",Shipments,,-1,TLCQ,SELLABLE,,IN,,,2025-01-29T00:00:00+0530,UNKNOWN
01/29/2025,X00242E1ZZ,B0CNT2DS6J,"Xexy Purple Fairy Dragon Fly Sunglass, Rimless Frameless Butterfly Cool glasses In Blue & Purple Unisex Vintage Fun Eyewear",Shipments,,-2,TLCQ,SELLABLE,,IN,,,2025-01-29T00:00:00+0530,UNKNOWN
01/29/2025,X00242E1ZZ,B0CNT2DS6J,"Xexy Purple Fairy Dragon Fly Sunglass, Rimless Frameless Butterfly Cool glasses In Blue & Purple Unisex Vintage Fun Eyewear",Shipments,,-1,TLCQ,SELLABLE,,IN,,,2025-01-29T00:00:00+0530,UNKNOWN
01/29/2025,X00242E1ZZ,B0CNT2DS6J,"Xexy Purple Fairy Dragon Fly Sunglass, Rimless Frameless Butterfly Cool glasses In Blue & Purple Unisex Vintage Fun Eyewear",Shipments,,-1,TLCQ,SELLABLE,,IN,,,2025-01-29T00:00:00+0530,UNKNOWN
01/29/2025,X00219DI2D,B0D4NGDF6K,"Caaju Compression Packing Cubes Travel Organizer Set, 3 Cubes and 1 Shoe Bag, Expandable Luggage Suitcase, Lightweight Packing Organizers for Women & Men (Polyester, 4 Piece Set, Blue)",Shipments,,-1,TLCQ,SELLABLE,,IN,,,2025-01-29T00:00:00+0530,UNKNOWN
01/29/2025,X0020HWKMP,B0D2R6MMY4,"Fusked Eyeglasses/Sunglasses Case for Women/Girls Fashionable Stylish and for Travel with Hook for Hand Bags Trendy Eyeglasses pouch, Ideal for Sunglasses- Stylish & Protective (Bunny Pink Case)",Shipments,,-1,TLCQ,SELLABLE,,IN,,,2025-01-29T00:00:00+0530,UNKNOWN
01/29/2025,X00205MHRF,B0CYLMKYKS,"Caaju Foldable Steel Frame Clothes Organizer Storage Box for Wardrobe, Saree, Shirts, and Blankets (26 Litre - Pack of 1, Off-White) (Off-White)",Shipments,,-1,BLR8,SELLABLE,,IN,,,2025-01-29T00:00:00+0530,UNKNOWN
01/29/2025,X001YGDE7D,B09Y3BL8VJ,Fusked Flufies Reversible Yoda Plush Stuff Toys for Kids - Show Your Mood with Star Wars Baby Yoda Soft Toy - Washable and Safe Baby Doll for Birthday Gift,Shipments,,-1,TLCQ,SELLABLE,,IN,,,2025-01-29T00:00:00+0530,UNKNOWN
01/29/2025,X001W7X2XZ,B0CLLS6HZH,"Fusked Harry Potter Light Wand Toy For Kids Gift Harrypotter Accesssories Cosplay Magic Wands Stick(Limited Edition 2024),Multicolor",Shipments,,-1,TLCQ,SELLABLE,,IN,,,2025-01-29T00:00:00+0530,UNKNOWN
01/29/2025,X001W7X2XZ,B0CLLS6HZH,"Fusked Harry Potter Light Wand Toy For Kids Gift Harrypotter Accesssories Cosplay Magic Wands Stick(Limited Edition 2024),Multicolor",Shipments,,-1,TLCQ,SELLABLE,,IN,,,2025-01-29T00:00:00+0530,UNKNOWN
01/29/2025,X001VWDD5N,B09SKJM4CB,Fusked Harry Potter Sunglass Shades of Magic Wizard's Shade Spectacles Harry Potter-themed eyewear Wizarding fashion eyewear (Rectangle Cream),Shipments,,-1,DEL4,SELLABLE,,IN,,,2025-01-29T00:00:00+0530,UNKNOWN
01/29/2025,X001VQL0W7,B099WV6KGX,Fusked Thug Life Sunglasses Pixelated Mosaic Glasses Party Glasses MLG Shades (12 Pixels) Made in India (SINGLE),Shipments,,-1,BLR8,SELLABLE,,IN,,,2025-01-29T00:00:00+0530,UNKNOWN
01/29/2025,X001KP3IV5,B0B2LPJGNM,Fusked Fire Sun Glasses Stylish and Trendy | Fire Flame Sunglasses Rimless Sunglasses Rimless Wave Glasses Fire Shape Glasses Eyewear for Party (YELLOW),Shipments,,-1,TLCQ,SELLABLE,,IN,,,2025-01-29T00:00:00+0530,UNKNOWN
01/29/2025,X001KP3IV5,B0B2LPJGNM,Fusked Fire Sun Glasses Stylish and Trendy | Fire Flame Sunglasses Rimless Sunglasses Rimless Wave Glasses Fire Shape Glasses Eyewear for Party (YELLOW),Shipments,,-1,TLCQ,SELLABLE,,IN,,,2025-01-29T00:00:00+0530,UNKNOWN
01/29/2025,X001FBNFGR,B095YJ82B8,Caaju Money Heist Music Box Hand Cranked Collectable Wooden Engraved Musical Box Bella ciao Theme Music Tune la casa de Papel musicbox,Shipments,,-1,TLCQ,SELLABLE,,IN,,,2025-01-29T00:00:00+0530,UNKNOWN
01/28/2025,X00280RFYH,B0DTJ8QXQG,Fusked Flufies Breathing Teddy Soft Toys for Baby Girl and Boy - 25 cm Sensory Toys and Musical Toys for Kids - Sleeping Teddy Bear with Breathing - Baby Gifts Cuddle Pillow (Breathing Pink Stitch),Shipments,,-1,TLCQ,SELLABLE,,IN,,,2025-01-28T00:00:00+0530,UNKNOWN
01/28/2025,X00280QJQ7,B0DTJB177S,Fusked Flufies Breathing Teddy Soft Toys for Baby Girl and Boy - 25 cm Sensory Toys and Musical Toys for Kids - Sleeping Teddy Bear with Breathing - Baby Gifts Cuddle Pillow (Breathing Pink Lamb),Shipments,,-1,TLCQ,SELLABLE,,IN,,,2025-01-28T00:00:00+0530,UNKNOWN
01/28/2025,X0027Z4S1L,B0DK52Z4FT,Fusked Flufies Breathing Teddy Soft Toys for Baby Girl and Boy - 25 cm Sensory Toys and Musical Toys for Kids - Sleeping Teddy Bear with Breathing - Baby Gifts Cuddle Pillow (Breathing Stitch Blue),Shipments,,-1,TLCQ,SELLABLE,,IN,,,2025-01-28T00:00:00+0530,UNKNOWN
01/28/2025,X0027Z4S1L,B0DK52Z4FT,Fusked Flufies Breathing Teddy Soft Toys for Baby Girl and Boy - 25 cm Sensory Toys and Musical Toys for Kids - Sleeping Teddy Bear with Breathing - Baby Gifts Cuddle Pillow (Breathing Stitch Blue),Shipments,,-1,TLCQ,SELLABLE,,IN,,,2025-01-28T00:00:00+0530,UNKNOWN
01/28/2025,X0027SINDR,B0DSPWLCVP,FUSKED Flufies Sand Filled Rubber Squishy Toy for Kids - Soft Ball for Kids and Stress Relief Toys Adults - Squeeze Ball Toys for Kids - Cat Kawaii Stuff Miniature Toys,Shipments,,-1,TLCQ,SELLABLE,,IN,,,2025-01-28T00:00:00+0530,UNKNOWN
01/28/2025,X0027SGWJJ,B0DSPY3JWK,FUSKED Flufies Sand Filled Rubber Squishy Toy for Kids - Soft Ball for Kids and Stress Relief Toys Adults - Squeeze Ball Toys for Kids - Cat Kawaii Stuff Miniature Toys,Shipments,,-1,TLCQ,SELLABLE,,IN,,,2025-01-28T00:00:00+0530,UNKNOWN
01/28/2025,X00279NLG5,B0DR6167SQ,Fusked Flufies Breathing Otter Soft Toys for Baby Girl and Boy - 25cm Sensory Toys and Musical Toys for Kids - Sleeping Teddy Bear with Breathing - Baby Gifts Newborn - Baby Toy Cuddle Pillow,Shipments,,-1,TLCQ,SELLABLE,,IN,,,2025-01-28T00:00:00+0530,UNKNOWN
01/28/2025,X002739JM1,B0DQH3G9TL,Fusked Flufies Breathing Teddy Soft Toys for Baby Girl and Boy - 25 cm Sensory Toys and Musical Toys for Kids - Sleeping Teddy Bear with Breathing - Baby Gifts Cuddle Pillow (Breathing Pink Otter),Shipments,,-1,TLCQ,SELLABLE,,IN,,,2025-01-28T00:00:00+0530,UNKNOWN
01/28/2025,X002737Y0Z,B0CK5MLSVC,Fusked Harry Potter Sunglass Shades of Magic Wizard's Shade Spectacles Harry Potter-themed eyewear Wizarding fashion eyewear,Shipments,,-1,TLCQ,SELLABLE,,IN,,,2025-01-28T00:00:00+0530,UNKNOWN
01/28/2025,X002737Y0Z,B0CK5MLSVC,Fusked Harry Potter Sunglass Shades of Magic Wizard's Shade Spectacles Harry Potter-themed eyewear Wizarding fashion eyewear,Shipments,,-1,TLCQ,SELLABLE,,IN,,,2025-01-28T00:00:00+0530,UNKNOWN
01/28/2025,X002736Q2H,B0DQH7BZVY,Fusked Flufies Breathing Koala Soft Toys for Baby Girl and Boy - 25 cm Sensory Toys and Musical Toys for Kids - Sleeping Teddy Bear with Breathing - Baby Gifts Cuddle Pillow (Breathing Koala Grey),Shipments,,-1,TLCQ,SELLABLE,,IN,,,2025-01-28T00:00:00+0530,UNKNOWN
01/28/2025,X002736Q2H,B0DQH7BZVY,Fusked Flufies Breathing Koala Soft Toys for Baby Girl and Boy - 25 cm Sensory Toys and Musical Toys for Kids - Sleeping Teddy Bear with Breathing - Baby Gifts Cuddle Pillow (Breathing Koala Grey),Shipments,,-1,TLCQ,SELLABLE,,IN,,,2025-01-28T00:00:00+0530,UNKNOWN
01/28/2025,X0026FX4Q7,B0DNKC3PQ4,Fusked Flufies Minecraft Sword and Pickaxe for Room Decor and Halloween Decor - Foam Minecraft Pickaxe for Kids and Collectors - Diamond Netherite Toy for Birthday and Role Play (Pickaxe and Sword),Shipments,,-1,TLCQ,SELLABLE,,IN,,,2025-01-28T00:00:00+0530,UNKNOWN
01/28/2025,X0026FX4Q7,B0DNKC3PQ4,Fusked Flufies Minecraft Sword and Pickaxe for Room Decor and Halloween Decor - Foam Minecraft Pickaxe for Kids and Collectors - Diamond Netherite Toy for Birthday and Role Play (Pickaxe and Sword),Shipments,,-1,TLCQ,SELLABLE,,IN,,,2025-01-28T00:00:00+0530,UNKNOWN
01/28/2025,X0026EX1AH,B0DNG1FQ67,Fusked Flufies Blox Fruits Plush Soft Toy for Kids and Collectors - Video Game Soft Pillow for Cute Home Decor and Gift - Washable and Safe Material Stuffed Toy,Shipments,,-1,TLCQ,SELLABLE,,IN,,,2025-01-28T00:00:00+0530,UNKNOWN
01/28/2025,X0026EWNTH,B0DNFY2WW3,Fusked Flufies Blox Fruits Plush Soft Toy for Kids and Collectors - Video Game Soft Pillow for Cute Home Decor and Gift - Washable and Safe Material Stuffed Toy,Shipments,,-1,TLCQ,SELLABLE,,IN,,,2025-01-28T00:00:00+0530,UNKNOWN
01/28/2025,X0026EWNTH,B0DNFY2WW3,Fusked Flufies Blox Fruits Plush Soft Toy for Kids and Collectors - Video Game Soft Pillow for Cute Home Decor and Gift - Washable and Safe Material Stuffed Toy,Shipments,,-1,TLCQ,SELLABLE,,IN,,,2025-01-28T00:00:00+0530,UNKNOWN
01/28/2025,X0026ER40F,B0DNFY6GPX,Fusked Flufies Blox Fruits Plush Soft Toy for Kids and Collectors - Video Game Soft Pillow for Cute Home Decor and Gift - Washable and Safe Material Stuffed Toy,Shipments,,-1,TLCQ,SELLABLE,,IN,,,2025-01-28T00:00:00+0530,UNKNOWN
01/28/2025,X0026ER40F,B0DNFY6GPX,Fusked Flufies Blox Fruits Plush Soft Toy for Kids and Collectors - Video Game Soft Pillow for Cute Home Decor and Gift - Washable and Safe Material Stuffed Toy,Shipments,,-1,TLCQ,SELLABLE,,IN,,,2025-01-28T00:00:00+0530,UNKNOWN
01/28/2025,X0026ER40F,B0DNFY6GPX,Fusked Flufies Blox Fruits Plush Soft Toy for Kids and Collectors - Video Game Soft Pillow for Cute Home Decor and Gift - Washable and Safe Material Stuffed Toy,Shipments,,-1,TLCQ,SELLABLE,,IN,,,2025-01-28T00:00:00+0530,UNKNOWN
01/28/2025,X0026ER40F,B0DNFY6GPX,Fusked Flufies Blox Fruits Plush Soft Toy for Kids and Collectors - Video Game Soft Pillow for Cute Home Decor and Gift - Washable and Safe Material Stuffed Toy,Shipments,,-1,TLCQ,SELLABLE,,IN,,,2025-01-28T00:00:00+0530,UNKNOWN
01/28/2025,X0026EIUFX,B0DNFPYGKY,Fusked Flufies Kuromi Plush Soft Toys for Kids Girls and Boys - Cute Rabbit Baby Toy for Room Decor - Washable and Safe Stuffed Animal for Birthday Gift and Collection,Shipments,,-1,TLCQ,SELLABLE,,IN,,,2025-01-28T00:00:00+0530,UNKNOWN
01/28/2025,X0026EIUFX,B0DNFPYGKY,Fusked Flufies Kuromi Plush Soft Toys for Kids Girls and Boys - Cute Rabbit Baby Toy for Room Decor - Washable and Safe Stuffed Animal for Birthday Gift and Collection,Shipments,,-1,TLCQ,SELLABLE,,IN,,,2025-01-28T00:00:00+0530,UNKNOWN
01/28/2025,X0026EFWI1,B0DNFMW7L7,Fusked Flufies Flower Duck Soft Toys for Kids - Soft and Safe Wash Baby Toy - Stuffed Toys for Girls and Boys Birthday Decoration and Home Decoration - Kids Soft Toys for New Born Baby,Shipments,,-1,TLCQ,SELLABLE,,IN,,,2025-01-28T00:00:00+0530,UNKNOWN
01/28/2025,X002566LFX,B0DJ348NH5,"Xexy Wireless Mic for YouTube - Dual TrueVoice™ Microphone for Youtubers, iOS/Type-C Phone - 2024 Edition (K9 Microphone)",Shipments,,-1,PNQ2,SELLABLE,,IN,,,2025-01-28T00:00:00+0530,UNKNOWN
01/28/2025,X0024AAU4D,B0DFTTQ4J6,"Fusked Premium Minecraft Diamond Foam Sword Small Toy for Kids Durable, Ideal for Cosplay, Role Playing, Halloween Costumes, and Room Decor 23 CM",Shipments,,-1,TLCQ,SELLABLE,,IN,,,2025-01-28T00:00:00+0530,UNKNOWN
01/28/2025,X0024A2EYH,B0DFTHX7GZ,"Fusked Premium Minecraft Diamond Foam Sword Small Toy for Kids Durable, Ideal for Cosplay, Role Playing, Halloween Costumes, and Room Decor 45 CM",Shipments,,-1,TLCQ,SELLABLE,,IN,,,2025-01-28T00:00:00+0530,UNKNOWN
01/28/2025,X0024A2EYH,B0DFTHX7GZ,"Fusked Premium Minecraft Diamond Foam Sword Small Toy for Kids Durable, Ideal for Cosplay, Role Playing, Halloween Costumes, and Room Decor 45 CM",Shipments,,-1,TLCQ,SELLABLE,,IN,,,2025-01-28T00:00:00+0530,UNKNOWN
01/28/2025,X0024A2EYH,B0DFTHX7GZ,"Fusked Premium Minecraft Diamond Foam Sword Small Toy for Kids Durable, Ideal for Cosplay, Role Playing, Halloween Costumes, and Room Decor 45 CM",Shipments,,-1,TLCQ,SELLABLE,,IN,,,2025-01-28T00:00:00+0530,UNKNOWN
01/28/2025,X0024A2EYH,B0DFTHX7GZ,"Fusked Premium Minecraft Diamond Foam Sword Small Toy for Kids Durable, Ideal for Cosplay, Role Playing, Halloween Costumes, and Room Decor 45 CM",Shipments,,-1,TLCQ,SELLABLE,,IN,,,2025-01-28T00:00:00+0530,UNKNOWN
01/28/2025,X00233EAUB,B0D9Q3JPH6,Fusked Flufies Llama Plush Toys for Collectors - Kids Room Decor and Halloween Decor for Video Game Fans- Washable Stuffed Animals for Girls and Boys for Birthday,Shipments,,-1,PNQ2,SELLABLE,,IN,,,2025-01-28T00:00:00+0530,UNKNOWN
01/28/2025,X00205HS2T,B0CYL3BXD5,"Caaju Foldable Steel Frame Clothes Organizer Storage Box for Wardrobe, Saree, Shirts, and Blankets (26 Litre - Pack of 1, Off-White) (Blue)",Shipments,,-1,TLCQ,SELLABLE,,IN,,,2025-01-28T00:00:00+0530,UNKNOWN
01/28/2025,X00205HQ2V,B0CYLMFM8F,"Caaju Foldable Steel Frame Clothes Organizer Storage Box for Wardrobe, Saree, Shirts, and Blankets (26 Litre - Pack of 1, Off-White) (Grey)",Shipments,,-1,BOM7,SELLABLE,,IN,,,2025-01-28T00:00:00+0530,UNKNOWN
01/28/2025,X001YKHD67,B0CN4LNX44,Caaju 7 Set Travel Organizer Packing Cubes Lightweight Travel Luggage Organizers Bag 3 Packing Cubes + 3 Pouches + 1 Toiletry Organizer Bag (Blue),Shipments,,-1,TLCQ,SELLABLE,,IN,,,2025-01-28T00:00:00+0530,UNKNOWN
01/28/2025,X001W7X2Y9,B0CLLR9X7S,"Fusked Dumbledore Light Wand Toy For Kids Gift With Musicbox Harrypotter Accesssories Cosplay Combo Magic Wand Stick With Musical Box Combo(Limited Edition 2024), Multicolor",Shipments,,-1,TLCQ,SELLABLE,,IN,,,2025-01-28T00:00:00+0530,UNKNOWN
01/28/2025,X001W7X2XZ,B0CLLS6HZH,"Fusked Harry Potter Light Wand Toy For Kids Gift Harrypotter Accesssories Cosplay Magic Wands Stick(Limited Edition 2024),Multicolor",Shipments,,-1,TLCQ,SELLABLE,,IN,,,2025-01-28T00:00:00+0530,UNKNOWN
01/28/2025,X001W7Q435,B0CLLSB7GN,Fusked Voldemort Light Wand Toy For Kids Gift Harrypotter Accesssories Cosplay Magic Wand Stick (Limited Edition 2024) - Multicolor,Shipments,,-1,BLR8,SELLABLE,,IN,,,2025-01-28T00:00:00+0530,UNKNOWN
01/28/2025,X001W7Q1M9,B0CLLRKYF1,"Fusked Dumbledore Light Wand Toy For Kids Gift Harrypotter Accesssories Cosplay Magic Wand Stick(Limited Edition 2024), Multicolor",Shipments,,-1,TLCQ,SELLABLE,,IN,,,2025-01-28T00:00:00+0530,UNKNOWN
01/28/2025,X001VUWK3V,B0CGX3YPJL,FUSKED Kalimba Thumb Piano for Beginners - Professional Music instrument with Engraved Notes (21 Notes Kalimba Brown),Shipments,,-1,BLR8,SELLABLE,,IN,,,2025-01-28T00:00:00+0530,UNKNOWN
01/28/2025,X001VSZUZ3,B0CKK2D6YR,"Fusked Voldemort Wand Magic Wands Harry Potter Accessories Gift Toys Cosplay Dress Accessories Combo For Kids(Limited Edition 2024),Multicolor",Shipments,,-1,TLCQ,SELLABLE,,IN,,,2025-01-28T00:00:00+0530,UNKNOWN
01/28/2025,X001VSVWK5,B0CKK4LHFS,"Fusked Snape Wand Magic Wands Harry Potter Accessories Gift Toys Cosplay Dress Accessories For Kids(Limited Edition 2024),Multicolor",Shipments,,-1,TLCQ,SELLABLE,,IN,,,2025-01-28T00:00:00+0530,UNKNOWN
01/28/2025,X001VSVWK5,B0CKK4LHFS,"Fusked Snape Wand Magic Wands Harry Potter Accessories Gift Toys Cosplay Dress Accessories For Kids(Limited Edition 2024),Multicolor",Shipments,,-1,PNQ2,SELLABLE,,IN,,,2025-01-28T00:00:00+0530,UNKNOWN
01/28/2025,X001VS5ZBR,B0CKJ5D2ZM,"Fusked Voldemort Wand Magic Wands Harry Potter Accessories With Sunglass Gift Toys Cosplay Dress Combo For Kids(Limited Edition 2024), Multicolor",Shipments,,-1,TLCQ,SELLABLE,,IN,,,2025-01-28T00:00:00+0530,UNKNOWN
01/28/2025,X001VQL0W7,B099WV6KGX,Fusked Thug Life Sunglasses Pixelated Mosaic Glasses Party Glasses MLG Shades (12 Pixels) Made in India (SINGLE),Shipments,,-1,BLR8,SELLABLE,,IN,,,2025-01-28T00:00:00+0530,UNKNOWN
01/28/2025,X001RFLGGH,B0BR42L8LB,Dragon Fly Sunglass - Rimless Frameless Butterfly Sun glasses Unisex Vintage Eyewear,Shipments,,-1,TLCQ,SELLABLE,,IN,,,2025-01-28T00:00:00+0530,UNKNOWN
01/28/2025,X001LDJUJZ,B09SKJVYW3,"Dragon Fly Sunglass cool Sunglass, Rimless Frameless Butterfly Sun glasses Unisex Vintage Eyewear (Green)",Shipments,,-1,PNQ2,SELLABLE,,IN,,,2025-01-28T00:00:00+0530,UNKNOWN
01/28/2025,X001FBLZ41,B08X492Y63,Caaju Kid Happy Birthday Music Box Happy Birthday Merchandise Wooden Box Girl/Boy Birthday Gift Music Box(Red),Shipments,,-1,BOM7,SELLABLE,,IN,,,2025-01-28T00:00:00+0530,UNKNOWN
01/28/2025,X001DIT9YT,B08XK4XM29,Caaju Beatles Music Box Hand Crank Musical Box Beatles theme Carved Wooden Music Boxes Gift for Kids friends family musicalbox The Beatles Rock band Musicbox,Shipments,,-1,BOM7,SELLABLE,,IN,,,2025-01-28T00:00:00+0530,UNKNOWN
01/27/2025,X00280QJQ7,B0DTJB177S,Fusked Flufies Breathing Teddy Soft Toys for Baby Girl and Boy - 25 cm Sensory Toys and Musical Toys for Kids - Sleeping Teddy Bear with Breathing - Baby Gifts Cuddle Pillow (Breathing Pink Lamb),Shipments,,-1,TLCQ,SELLABLE,,IN,,,2025-01-27T00:00:00+0530,UNKNOWN
01/27/2025,X0027Z4S1L,B0DK52Z4FT,Fusked Flufies Breathing Teddy Soft Toys for Baby Girl and Boy - 25 cm Sensory Toys and Musical Toys for Kids - Sleeping Teddy Bear with Breathing - Baby Gifts Cuddle Pillow (Breathing Stitch Blue),Shipments,,-1,TLCQ,SELLABLE,,IN,,,2025-01-27T00:00:00+0530,UNKNOWN
01/27/2025,X0027Z4S1L,B0DK52Z4FT,Fusked Flufies Breathing Teddy Soft Toys for Baby Girl and Boy - 25 cm Sensory Toys and Musical Toys for Kids - Sleeping Teddy Bear with Breathing - Baby Gifts Cuddle Pillow (Breathing Stitch Blue),Shipments,,-1,TLCQ,SELLABLE,,IN,,,2025-01-27T00:00:00+0530,UNKNOWN
01/27/2025,X0027YV6AN,B0DT6JT841,"Caaju Foldable Steel Storage Cubes Organizer with Handles Frame Collapsible Clothes Organizer Storage Box for Wardrobe,Toys,Books and Blankets Storage Box with Handles (Green, Pack of 2)",Shipments,,-1,TLCQ,SELLABLE,,IN,,,2025-01-27T00:00:00+0530,UNKNOWN
01/27/2025,X00279NLG5,B0DR6167SQ,Fusked Flufies Breathing Otter Soft Toys for Baby Girl and Boy - 25cm Sensory Toys and Musical Toys for Kids - Sleeping Teddy Bear with Breathing - Baby Gifts Newborn - Baby Toy Cuddle Pillow,Shipments,,-1,TLCQ,SELLABLE,,IN,,,2025-01-27T00:00:00+0530,UNKNOWN
01/27/2025,X00279NLG5,B0DR6167SQ,Fusked Flufies Breathing Otter Soft Toys for Baby Girl and Boy - 25cm Sensory Toys and Musical Toys for Kids - Sleeping Teddy Bear with Breathing - Baby Gifts Newborn - Baby Toy Cuddle Pillow,Shipments,,-1,TLCQ,SELLABLE,,IN,,,2025-01-27T00:00:00+0530,UNKNOWN
01/27/2025,X00279NLG5,B0DR6167SQ,Fusked Flufies Breathing Otter Soft Toys for Baby Girl and Boy - 25cm Sensory Toys and Musical Toys for Kids - Sleeping Teddy Bear with Breathing - Baby Gifts Newborn - Baby Toy Cuddle Pillow,Shipments,,-1,TLCQ,SELLABLE,,IN,,,2025-01-27T00:00:00+0530,UNKNOWN
01/27/2025,X002737Y0Z,B0CK5MLSVC,Fusked Harry Potter Sunglass Shades of Magic Wizard's Shade Spectacles Harry Potter-themed eyewear Wizarding fashion eyewear,Shipments,,-1,TLCQ,SELLABLE,,IN,,,2025-01-27T00:00:00+0530,UNKNOWN
01/27/2025,X002737Y0Z,B0CK5MLSVC,Fusked Harry Potter Sunglass Shades of Magic Wizard's Shade Spectacles Harry Potter-themed eyewear Wizarding fashion eyewear,Shipments,,-4,TLCQ,SELLABLE,,IN,,,2025-01-27T00:00:00+0530,UNKNOWN
01/27/2025,X002737Y0Z,B0CK5MLSVC,Fusked Harry Potter Sunglass Shades of Magic Wizard's Shade Spectacles Harry Potter-themed eyewear Wizarding fashion eyewear,Shipments,,-1,TLCQ,SELLABLE,,IN,,,2025-01-27T00:00:00+0530,UNKNOWN
01/27/2025,X0026EX1AH,B0DNG1FQ67,Fusked Flufies Blox Fruits Plush Soft Toy for Kids and Collectors - Video Game Soft Pillow for Cute Home Decor and Gift - Washable and Safe Material Stuffed Toy,Shipments,,-1,TLCQ,SELLABLE,,IN,,,2025-01-27T00:00:00+0530,UNKNOWN
01/27/2025,X0026EX1AH,B0DNG1FQ67,Fusked Flufies Blox Fruits Plush Soft Toy for Kids and Collectors - Video Game Soft Pillow for Cute Home Decor and Gift - Washable and Safe Material Stuffed Toy,Shipments,,-1,TLCQ,SELLABLE,,IN,,,2025-01-27T00:00:00+0530,UNKNOWN
01/27/2025,X0026EX1AH,B0DNG1FQ67,Fusked Flufies Blox Fruits Plush Soft Toy for Kids and Collectors - Video Game Soft Pillow for Cute Home Decor and Gift - Washable and Safe Material Stuffed Toy,Shipments,,-1,TLCQ,SELLABLE,,IN,,,2025-01-27T00:00:00+0530,UNKNOWN
01/27/2025,X0026EWNTH,B0DNFY2WW3,Fusked Flufies Blox Fruits Plush Soft Toy for Kids and Collectors - Video Game Soft Pillow for Cute Home Decor and Gift - Washable and Safe Material Stuffed Toy,Shipments,,-1,TLCQ,SELLABLE,,IN,,,2025-01-27T00:00:00+0530,UNKNOWN
01/27/2025,X0026EWNTH,B0DNFY2WW3,Fusked Flufies Blox Fruits Plush Soft Toy for Kids and Collectors - Video Game Soft Pillow for Cute Home Decor and Gift - Washable and Safe Material Stuffed Toy,Shipments,,-1,TLCQ,SELLABLE,,IN,,,2025-01-27T00:00:00+0530,UNKNOWN
01/27/2025,X0026EWNTH,B0DNFY2WW3,Fusked Flufies Blox Fruits Plush Soft Toy for Kids and Collectors - Video Game Soft Pillow for Cute Home Decor and Gift - Washable and Safe Material Stuffed Toy,Shipments,,-1,TLCQ,SELLABLE,,IN,,,2025-01-27T00:00:00+0530,UNKNOWN
01/27/2025,X0026EWNTH,B0DNFY2WW3,Fusked Flufies Blox Fruits Plush Soft Toy for Kids and Collectors - Video Game Soft Pillow for Cute Home Decor and Gift - Washable and Safe Material Stuffed Toy,Shipments,,-1,TLCQ,SELLABLE,,IN,,,2025-01-27T00:00:00+0530,UNKNOWN
01/27/2025,X0026CNFAP,B0CLLTYSMY,"Fusked Hermoine Light Wand Toy For Kids Gift With Sunglass Harrypotter Accesssories Cosplay Combo Magic Wand Stick(Limited Edition 2024),Multicolor",Shipments,,-1,TLCQ,SELLABLE,,IN,,,2025-01-27T00:00:00+0530,UNKNOWN
01/27/2025,X0026CNFAP,B0CLLTYSMY,"Fusked Hermoine Light Wand Toy For Kids Gift With Sunglass Harrypotter Accesssories Cosplay Combo Magic Wand Stick(Limited Edition 2024),Multicolor",Shipments,,-1,TLCQ,SELLABLE,,IN,,,2025-01-27T00:00:00+0530,UNKNOWN
01/27/2025,X0024AAU4X,B0D91SDWFY,"Fusked Flufies Kirby Plush Soft Toy for New Born Babies - Snuggly Big Plush Toy for Girl and Boy (12 Months to 1.5 Years) - Multicolor, Safe and Washable Stuffed Toy",Shipments,,-1,TLCQ,SELLABLE,,IN,,,2025-01-27T00:00:00+0530,UNKNOWN
01/27/2025,X0024AAU4D,B0DFTTQ4J6,"Fusked Premium Minecraft Diamond Foam Sword Small Toy for Kids Durable, Ideal for Cosplay, Role Playing, Halloween Costumes, and Room Decor 23 CM",Shipments,,-1,TLCQ,SELLABLE,,IN,,,2025-01-27T00:00:00+0530,UNKNOWN
01/27/2025,X0024AAU4D,B0DFTTQ4J6,"Fusked Premium Minecraft Diamond Foam Sword Small Toy for Kids Durable, Ideal for Cosplay, Role Playing, Halloween Costumes, and Room Decor 23 CM",Shipments,,-1,TLCQ,SELLABLE,,IN,,,2025-01-27T00:00:00+0530,UNKNOWN
01/27/2025,X0024AAU4D,B0DFTTQ4J6,"Fusked Premium Minecraft Diamond Foam Sword Small Toy for Kids Durable, Ideal for Cosplay, Role Playing, Halloween Costumes, and Room Decor 23 CM",Shipments,,-1,TLCQ,SELLABLE,,IN,,,2025-01-27T00:00:00+0530,UNKNOWN
01/27/2025,X0024A2EYH,B0DFTHX7GZ,"Fusked Premium Minecraft Diamond Foam Sword Small Toy for Kids Durable, Ideal for Cosplay, Role Playing, Halloween Costumes, and Room Decor 45 CM",Shipments,,-1,TLCQ,SELLABLE,,IN,,,2025-01-27T00:00:00+0530,UNKNOWN
01/27/2025,X0024A2EY7,B0DB9WC1Q1,Fusked Flufies Garfield Soft Toy - Soft and Washable Baby Toy - Toys for 1 Year Old Girl and Baby Boy - Kawaii Plushies Soft Toys for Home Decor - Cute Stuff Toy for Birthday Girl and Boy,Shipments,,-1,TLCQ,SELLABLE,,IN,,,2025-01-27T00:00:00+0530,UNKNOWN
01/27/2025,X0024A2EVZ,B0DB9W5XJS,"Fusked Fluffies Hello Kitty Plush Soft Toy for Newborn Baby - Cute Hello Kitty Stuff Toys for Kids (12 Month to 1.5 Year) - Safe, and Washable",Shipments,,-1,TLCQ,SELLABLE,,IN,,,2025-01-27T00:00:00+0530,UNKNOWN
01/27/2025,X0024A2EUV,B0DBB876ZD,Fusked Flufies Cinnamoroll Dressed as Love a Lot Bear Plush Soft Toys - White Dog Toy as a Teddy Bear for Girls and Boys - Kawaii Stuff Doll for Kids Birthday - Anime Gifts for Fans and Collectors,Shipments,,-1,TLCQ,SELLABLE,,IN,,,2025-01-27T00:00:00+0530,UNKNOWN
01/27/2025,X00242E1ZZ,B0CNT2DS6J,"Xexy Purple Fairy Dragon Fly Sunglass, Rimless Frameless Butterfly Cool glasses In Blue & Purple Unisex Vintage Fun Eyewear",Shipments,,-1,TLCQ,SELLABLE,,IN,,,2025-01-27T00:00:00+0530,UNKNOWN
01/27/2025,X00219AWU9,B0D4HRCCLP,Fusked Flufies 20 cm Minecraft Zombie Plush Toys for Collectors - Kids Room Decor and Halloween Decor for Video Game Fans- Washable for Girls and Boys for Birthday,Shipments,,-1,TLCQ,SELLABLE,,IN,,,2025-01-27T00:00:00+0530,UNKNOWN
01/27/2025,X001YKDRVH,B084M52F1W,"SK Craft Solar Ganesha Statue for Car, Home and Office | Ganpati Bappa | Solar Lord Ganesh ji Moving Hands with Free Lamp Keychain",Shipments,,-1,TLCQ,SELLABLE,,IN,,,2025-01-27T00:00:00+0530,UNKNOWN
01/27/2025,X001YGDE7D,B09Y3BL8VJ,Fusked Flufies Reversible Yoda Plush Stuff Toys for Kids - Show Your Mood with Star Wars Baby Yoda Soft Toy - Washable and Safe Baby Doll for Birthday Gift,Shipments,,-1,TLCQ,SELLABLE,,IN,,,2025-01-27T00:00:00+0530,UNKNOWN
01/27/2025,X001W7X2XZ,B0CLLS6HZH,"Fusked Harry Potter Light Wand Toy For Kids Gift Harrypotter Accesssories Cosplay Magic Wands Stick(Limited Edition 2024),Multicolor",Shipments,,-1,TLCQ,SELLABLE,,IN,,,2025-01-27T00:00:00+0530,UNKNOWN
01/27/2025,X001W7Q435,B0CLLSB7GN,Fusked Voldemort Light Wand Toy For Kids Gift Harrypotter Accesssories Cosplay Magic Wand Stick (Limited Edition 2024) - Multicolor,Shipments,,-1,BLR8,SELLABLE,,IN,,,2025-01-27T00:00:00+0530,UNKNOWN
01/27/2025,X001W7Q1M9,B0CLLRKYF1,"Fusked Dumbledore Light Wand Toy For Kids Gift Harrypotter Accesssories Cosplay Magic Wand Stick(Limited Edition 2024), Multicolor",Shipments,,-1,TLCQ,SELLABLE,,IN,,,2025-01-27T00:00:00+0530,UNKNOWN
01/27/2025,X001W7Q1M9,B0CLLRKYF1,"Fusked Dumbledore Light Wand Toy For Kids Gift Harrypotter Accesssories Cosplay Magic Wand Stick(Limited Edition 2024), Multicolor",Shipments,,-1,TLCQ,SELLABLE,,IN,,,2025-01-27T00:00:00+0530,UNKNOWN
01/27/2025,X001W7N0D7,B0CLLRW5NZ,"Fusked Voldemort Light Wand Toy For Kids Gift With Sunglass Harrypotter Accesssories Cosplay Combo Magic Wand Stick(Limited Edition 2024), Multicolor",Shipments,,-1,PNQ2,SELLABLE,,IN,,,2025-01-27T00:00:00+0530,UNKNOWN
01/27/2025,X001W7N0CX,B0CLLS2YQC,"Fusked Harry Potter Light Wand Toy For Kids Gift With Sunglass Harrypotter Accesssories Cosplay Combo Magic Wand Stick(Limited Edition 2024),Multicolor",Shipments,,-1,TLCQ,SELLABLE,,IN,,,2025-01-27T00:00:00+0530,UNKNOWN
01/27/2025,X001W7N0CX,B0CLLS2YQC,"Fusked Harry Potter Light Wand Toy For Kids Gift With Sunglass Harrypotter Accesssories Cosplay Combo Magic Wand Stick(Limited Edition 2024),Multicolor",Shipments,,-1,TLCQ,SELLABLE,,IN,,,2025-01-27T00:00:00+0530,UNKNOWN
01/27/2025,X001W7N0CX,B0CLLS2YQC,"Fusked Harry Potter Light Wand Toy For Kids Gift With Sunglass Harrypotter Accesssories Cosplay Combo Magic Wand Stick(Limited Edition 2024),Multicolor",Shipments,,-1,TLCQ,SELLABLE,,IN,,,2025-01-27T00:00:00+0530,UNKNOWN
01/27/2025,X001W7N0CD,B0CLLVH1GM,"Fusked Dumbledore Light Wand Toy For Kids Gift With Sunglass Harrypotter Accesssories Cosplay Combo Magic Wand Stick(Limited Edition 2024), Multicolor",Shipments,,-1,TLCQ,SELLABLE,,IN,,,2025-01-27T00:00:00+0530,UNKNOWN
01/27/2025,X001VWAUAT,B08XKBK2ZX,Caaju Money Heist Music Box - Hand Cranked Collectable Wooden Engraved Musical Box with Bella Ciao Theme Music Tune,Shipments,,-1,TLCQ,SELLABLE,,IN,,,2025-01-27T00:00:00+0530,UNKNOWN
01/27/2025,X001VW1I8R,B0C3XNLCG4,"Fusked Dragon Fly Sunglass cool Sunglass, Rimless Frameless Butterfly Sunglasses Unisex Vintage Eyewear (light Green Pink)",Shipments,,-1,TLCQ,SELLABLE,,IN,,,2025-01-27T00:00:00+0530,UNKNOWN
01/27/2025,X001VV0BWR,B0CKFC3SHP,Fusked Axolotl Plush Toy Stuffed Animal Pillow Toy Doll Halloween Axolotl Cuddle Buddy Plush Pillow Edition Cotten Pillow for Kids (Blue),Shipments,,-1,BOM7,SELLABLE,,IN,,,2025-01-27T00:00:00+0530,UNKNOWN
01/27/2025,X001VSXA73,B0CKK1JKCR,"Fusked Hermoine Wand Magic Wands Harry Potter Accessories Gift Toys Cosplay Dress Accessories For Kids(Limited Edition 2024),Multicolor",Shipments,,-1,PNQ2,SELLABLE,,IN,,,2025-01-27T00:00:00+0530,UNKNOWN
01/27/2025,X001VS5ZC1,B0CKJ2693F,"Fusked Hermoine Wand Magic Wands Harry Potter Accessories With Sunglass Gift Toys Cosplay Dress Combo For Kids(Limited Edition 2024),Black",Shipments,,-1,TLCQ,SELLABLE,,IN,,,2025-01-27T00:00:00+0530,UNKNOWN
01/27/2025,X001VS4M1V,B0CKJ3MB1R,"Fusked Snape Wand Magic Wands Harry Potter Accessories With Sunglass Gift Toys Cosplay Dress Combo For Kids(Limited Edition 2024), Multicolor",Shipments,,-1,PNQ2,SELLABLE,,IN,,,2025-01-27T00:00:00+0530,UNKNOWN
01/27/2025,X001RFLGGH,B0BR42L8LB,Dragon Fly Sunglass - Rimless Frameless Butterfly Sun glasses Unisex Vintage Eyewear,Shipments,,-1,TLCQ,SELLABLE,,IN,,,2025-01-27T00:00:00+0530,UNKNOWN
01/27/2025,X001MZ8JD5,B09BHYSX3L,Fusked Van Plush Pillow - Cute Korean Kpop Merch for Girls (Grey White),Shipments,,-1,TLCQ,SELLABLE,,IN,,,2025-01-27T00:00:00+0530,UNKNOWN
01/27/2025,X001JJPAOZ,B09TVRYC6V,"CAAJU Titanic Mb, Music Box Titanic Heart Will Go On Tune Titanic Theme Music Box For Love Gift For Girl Friend Friends Wife Hand Crank Musical Boxes Wooden, Kid",Shipments,,-1,BLR8,SELLABLE,,IN,,,2025-01-27T00:00:00+0530,UNKNOWN
01/27/2025,X001DH3ITH,B08WHSRLYC,Caaju Wooden Hand cranked collectable Engraved Music Box (Twinkle Twinkle),Shipments,,-1,TLCQ,SELLABLE,,IN,,,2025-01-27T00:00:00+0530,UNKNOWN
01/26/2025,X001VV0BWR,B0CKFC3SHP,Fusked Axolotl Plush Toy Stuffed Animal Pillow Toy Doll Halloween Axolotl Cuddle Buddy Plush Pillow Edition Cotten Pillow for Kids (Blue),Shipments,,-1,BOM7,SELLABLE,,IN,,,2025-01-26T00:00:00+0530,UNKNOWN
